"Area","Centroid_1","Centroid_2","Perimeter","Circularity","Eccentricity","Solidity","MinorAxisLength","MajorAxisLength","Concentration","Time","Enumeration","rare"
1653,40.41621295,469.3085299,152.652,0.85582217,0.421186033,0.95826087,44.18211983,48.71375221,1000,-3,1,"n"
1599,44.49906191,1883.824891,144.96,0.916091535,0.326706198,0.972627737,43.90129464,46.45020558,1000,-3,2,"n"
1746,88.31500573,1329.41638,153.33,0.896154928,0.34783303,0.968386023,45.86199038,48.91650858,1000,-3,3,"n"
1979,93.51389591,887.2602324,220.816,0.495820041,0.894521573,0.857080987,35.63941717,79.7258197,1000,-3,4,"n"
1625,114.9913846,282.6892308,146.879,0.907322072,0.228977768,0.968992248,45.32420904,46.56126491,1000,-3,5,"n"
1765,136.0708215,492.0832861,159.11,0.84251305,0.244385758,0.943850267,47.51871366,49.00462748,1000,-3,6,"n"
1419,157.5412262,1308.490486,139.238,0.879623386,0.168003927,0.96596324,42.77039514,43.38708502,1000,-3,7,"n"
1422,176.9331927,1083.126582,143.704,0.82868147,0.347745854,0.952444742,41.71323834,44.48990521,1000,-3,8,"n"
1176,208.1488095,1629.407313,139.006,0.731371727,0.741589945,0.934074662,32.03112739,47.7468325,1000,-3,9,"n"
1349,218.7449963,1420.536694,144.539,0.777275467,0.400612751,0.95,40.45744607,44.15558838,1000,-3,10,"n"
1078,247.4294991,1045.651206,134.259,0.717548751,0.788435695,0.913559322,29.50793345,47.97123869,1000,-3,11,"n"
1505,260.1016611,438.0099668,143.381,0.880921429,0.3791263,0.958598726,42.64445135,46.08492437,1000,-3,12,"n"
1555,285.9890675,784.9678457,152.785,0.80371094,0.435619735,0.956334563,42.82623413,47.57779026,1000,-3,13,"n"
1058,299.8601134,1779.50189,117.925,0.907082717,0.339705295,0.966210046,35.65470879,37.90908913,1000,-3,14,"n"
2983,316.0626886,1100.369427,280.915,0.464572363,0.896633738,0.800160944,45.02986917,101.6996701,1000,-3,15,"n"
3092,337.6345408,1827.247413,292.848,0.443502903,0.900847878,0.814756258,45.37391251,104.515702,1000,-3,16,"n"
1189,322.569386,828.7746005,124.781,0.913055576,0.196410701,0.97299509,38.58181615,39.34825257,1000,-3,17,"n"
1294,329.6391036,333.5517774,133.539,0.870423151,0.284035575,0.959229059,40.20590869,41.93297084,1000,-3,18,"n"
1336,346.7185629,587.8585329,144.895,0.766087121,0.739899113,0.934265734,34.17050652,50.7947078,1000,-3,19,"n"
1647,351.2531876,258.5488767,151.006,0.871023696,0.340826902,0.958672875,44.86500909,47.72233282,1000,-3,20,"n"
1445,368.1584775,988.332872,138.303,0.907621996,0.274783194,0.973719677,42.09440791,43.77965256,1000,-3,21,"n"
1331,396.9631856,617.353118,134.077,0.888304778,0.501890803,0.967296512,38.31756508,44.30129733,1000,-3,22,"n"
2852,407.338359,1080.011921,287.383,0.42461329,0.864915965,0.828106852,46.52250294,92.68968942,1000,-3,23,"n"
1523,424.7307945,106.5338148,150.353,0.812313379,0.326009716,0.944203348,43.54735364,46.06399465,1000,-3,24,"n"
1633,421.8732394,1468.775873,161.626,0.755879306,0.40532828,0.943930636,44.27963367,48.43691598,1000,-3,25,"n"
1381,430.0731354,1579.891383,144.49,0.796241726,0.5261299,0.961029923,38.75804227,45.57602328,1000,-3,26,"n"
1384,437.9226879,1011.554191,132.919,0.939466368,0.268313179,0.976711362,41.23197739,42.80143148,1000,-3,27,"n"
1257,513.6579157,1519.055688,130.86,0.879681019,0.340485459,0.972157773,38.83639248,41.30433554,1000,-3,28,"n"
1373,522.0342316,1272.820102,137.592,0.871133775,0.380021964,0.968948483,40.25278008,43.51757929,1000,-3,29,"n"
1200,528.3441667,1627.471667,128.048,0.876177997,0.464906101,0.965406275,36.81465394,41.58156482,1000,-3,30,"n"
1536,568.7363281,578.5481771,149.311,0.830484346,0.337536873,0.953445065,43.48521711,46.19637584,1000,-3,31,"n"
1545,576.9307443,400.2071197,148.484,0.844487693,0.228321652,0.95194085,44.45674508,45.66289599,1000,-3,32,"n"
1447,612.8196268,489.3206634,140.784,0.877813675,0.486657169,0.966599866,40.27028338,46.09730335,1000,-3,33,"n"
1127,625.5368234,918.2076309,124.632,0.867464214,0.449939103,0.963247863,35.84128852,40.13315911,1000,-3,34,"n"
1330,642.743609,34.37744361,140.867,0.805906563,0.261557637,0.948644793,41.13718019,42.62090516,1000,-3,35,"n"
1398,700.1101574,1786.354793,144.274,0.808407232,0.305834119,0.961485557,41.59988159,43.69346198,1000,-3,36,"n"
1224,712.629085,536.8570261,129.628,0.872557461,0.393695291,0.96835443,38.30905322,41.67465679,1000,-3,37,"n"
1783,714.9001683,1145.902973,157.705,0.866039053,0.379151537,0.963263101,46.41044099,50.15530735,1000,-3,38,"n"
1424,751.2521067,1507,141.636,0.853723333,0.311528898,0.962812711,41.89461494,44.08861063,1000,-3,39,"n"
1229,779.194467,1072.808788,140.47,0.748829163,0.341091558,0.93460076,39.12847696,41.62470737,1000,-3,40,"n"
1145,785.4419214,207.6331878,123.078,0.903153984,0.360272713,0.970338983,36.91258753,39.56981856,1000,-3,41,"n"
1473,797.3754243,159.7454175,148.459,0.805398493,0.512678097,0.952781371,40.22234799,46.84747565,1000,-3,42,"n"
1002,808.6956088,449.99501,127.486,0.737917379,0.74666366,0.932093023,29.43836537,44.25479192,1000,-3,43,"n"
1526,816.2621232,676.7516383,143.959,0.886207768,0.36649981,0.963992419,42.93980534,46.15108427,1000,-3,44,"n"
1351,835.7128053,273.1361954,139.37,0.835920211,0.197504482,0.954770318,41.56712952,42.40237213,1000,-3,45,"n"
1215,843.3769547,1701.593416,133.101,0.822546281,0.292209532,0.961234177,38.97048708,40.74900503,1000,-3,46,"n"
1590,855.8446541,1098.062264,149.914,0.852920557,0.428931813,0.957254666,43.30377353,47.93756902,1000,-3,47,"n"
1629,925.1233886,1868.920196,149.112,0.883071462,0.285783615,0.971957041,44.94787079,46.9040426,1000,-3,48,"n"
1355,932.7298893,896.0339483,135.822,0.881753297,0.311820009,0.96716631,40.52413508,42.65064548,1000,-3,49,"n"
1424,967.8433989,1721.961376,147.798,0.785440889,0.302993005,0.953784327,41.93822521,44.00686561,1000,-3,50,"n"
1826,977.4200438,445.5640745,165.43,0.807498747,0.441242939,0.941237113,46.51104257,51.82937431,1000,-3,51,"n"
1507,1041.774386,724.2495023,194.524,0.484686539,0.896059939,0.823497268,31.56141299,71.09497782,1000,-3,52,"n"
1447,1042.496199,546.1078093,189.423,0.490371842,0.549420084,0.903245943,39.53867797,47.32075211,1000,-3,53,"n"
1951,1048.818042,1479.774987,167.092,0.846012157,0.330312703,0.955903969,49.13121712,52.05286322,1000,-3,54,"n"
1351,1102.167283,405.8763879,137.799,0.854659307,0.279660787,0.964311206,40.76683978,42.46108496,1000,-3,55,"n"
1514,1114.497358,458.348745,151.404,0.79656733,0.504872759,0.960050729,41.21285058,47.74461038,1000,-3,56,"n"
1652,1133.799031,1451.159806,231.344,0.377561393,0.84999542,0.793086894,37.19358522,70.60418714,1000,-3,57,"y"
1554,1118.622909,1780.844273,150.956,0.822373619,0.384865792,0.960444994,43.07772628,46.67281429,1000,-3,58,"n"
1263,1132.916865,173.2525732,130.753,0.885293219,0.320063791,0.970791699,39.1081782,41.27965333,1000,-3,59,"n"
1123,1183.73553,426.3882458,124.302,0.868867612,0.314318258,0.967269595,36.87414258,38.84278558,1000,-3,60,"n"
1511,1188.968895,1143.830576,146.334,0.849833331,0.170149321,0.956934769,44.18038372,44.83414212,1000,-3,61,"n"
1120,1193.798214,1682.671429,127.395,0.825968228,0.377192443,0.960548885,36.40176036,39.30503018,1000,-3,62,"n"
1508,1215.80504,1526.199602,144.274,0.872015812,0.282913257,0.964194373,43.44323251,45.29368332,1000,-3,63,"n"
1136,1223.599472,1417.565141,165.249,0.503445594,0.781769775,0.868501529,31.32415174,50.23380495,1000,-3,64,"n"
1545,1228.178641,650.8291262,150.726,0.82005698,0.324328469,0.95194085,43.7149183,46.21298305,1000,-3,65,"n"
1701,1277.280423,1159.921811,149.939,0.912166058,0.413328595,0.969230769,44.74099359,49.13450569,1000,-3,66,"n"
1678,1322.365316,1572.174613,160.129,0.791017118,0.303316311,0.943226532,46.11470629,48.39457835,1000,-3,67,"n"
1143,1317.691164,656.6342957,129.305,0.818793741,0.613418302,0.947761194,34.15554017,43.24809915,1000,-3,68,"n"
1433,1322.401954,1252.348221,144.845,0.822264069,0.311311065,0.946499339,42.22568197,44.43367732,1000,-3,69,"n"
1246,1327.838684,569.3523274,127.816,0.912991092,0.296034787,0.972677596,38.9710362,40.79979911,1000,-3,70,"n"
1084,1336.476937,765.0221402,127.676,0.795988587,0.730378311,0.927288281,31.08172984,45.50480287,1000,-3,71,"n"
1107,1344.334237,1843.783198,139.685,0.681929273,0.147732952,0.948586118,37.41395742,37.82904466,1000,-3,72,"n"
1624,1365.904557,1272.910099,156.035,0.805447951,0.716905221,0.968973747,38.01520659,54.52783627,1000,-3,73,"n"
1359,1379.682855,1580.045622,151.469,0.714415438,0.729488377,0.923861319,34.87642984,50.98943887,1000,-3,74,"n"
1330,1387.586466,179.5293233,144.572,0.76598556,0.477139986,0.957523398,38.68705967,44.02123079,1000,-3,75,"n"
1294,1394.92813,1415.708655,135.757,0.842846426,0.332255115,0.959940653,39.7693674,42.1647665,1000,-3,76,"n"
1773,1412.215454,1809.253807,160.823,0.828740286,0.321087384,0.953225806,46.73615826,49.3492206,1000,-3,77,"n"
1037,1422.513983,594.4445516,119.439,0.867251754,0.401577612,0.968253968,34.81045648,38.00994369,1000,-3,78,"n"
1754,1453.326112,1443.779361,164.95,0.780094954,0.312576032,0.933972311,47.0921548,49.57628651,1000,-3,79,"n"
1448,1464.600829,1646.54558,137.773,0.916360766,0.333508246,0.974427995,41.7354019,44.26998318,1000,-3,80,"n"
1196,1481.08612,611.7299331,135.822,0.778285567,0.682293567,0.948453608,33.60282933,45.96337912,1000,-3,81,"n"
1073,1485.976701,459.6794035,120.456,0.882652107,0.172310791,0.964928058,36.73114274,37.28888625,1000,-3,82,"n"
1427,1510.128942,1811.615277,139.387,0.882733977,0.310474807,0.968771215,41.60000944,43.76269125,1000,-3,83,"n"
1863,1519.263017,1699.045625,163.189,0.846210576,0.447516114,0.965284974,46.50371415,52.00153087,1000,-3,84,"n"
1207,1524.968517,557.948633,126.634,0.900598237,0.351590125,0.969477912,37.96383372,40.55297757,1000,-3,85,"n"
1049,1571.78837,424.4318398,126.625,0.78281574,0.727401873,0.933274021,30.62359124,44.62703075,1000,-3,86,"n"
1597,1592.278021,1764.227301,148.732,0.870062092,0.368952568,0.964954683,43.89008842,47.22166038,1000,-3,87,"n"
1537,1594.323357,1838.493169,144.621,0.88461587,0.292841676,0.965452261,43.55012555,45.54685671,1000,-3,88,"n"
1027,1601.945472,557.097371,126.477,0.768149415,0.616892639,0.955348837,32.28220955,41.01686017,1000,-3,89,"n"
1446,1659.697787,1247.83195,139.825,0.889014867,0.397922236,0.9730821,41.12883216,44.8310156,1000,-3,90,"n"
1667,1664.011998,818.2369526,154.728,0.840520842,0.241239773,0.955848624,45.87640099,47.27257065,1000,-3,91,"n"
1251,1688.633094,1358.918465,126.278,0.938570968,0.259960431,0.972027972,39.25874182,40.65654347,1000,-3,92,"n"
1660,1697.648193,263.1120482,150.774,0.88054735,0.372426027,0.96567772,44.83009254,48.30506831,1000,-3,93,"n"
1477,1714.084631,1292.551117,141.156,0.891399093,0.308535799,0.971071663,42.70644415,44.89683824,1000,-3,94,"n"
1231,1731.01381,1213.482535,130.769,0.862656805,0.384625687,0.970820189,38.07363528,41.24663003,1000,-3,95,"n"
1856,1741.393319,1709.536099,161.923,0.856012264,0.376495049,0.955223881,47.44243718,51.21058196,1000,-3,96,"n"
1533,1745.353555,394.0965427,149.055,0.831653002,0.370004453,0.955735661,43.07451307,46.36504092,1000,-3,97,"n"
1059,1763.688385,915.6997167,127.329,0.781772796,0.472747829,0.937998229,35.02950824,39.75215312,1000,-3,98,"n"
1126,1781.239787,680.9307282,124.301,0.871202391,0.433592796,0.965694683,36.00481836,39.95612242,1000,-3,99,"n"
1685,1802.760831,197.9697329,154.322,0.853983456,0.157680755,0.946629213,46.69622977,47.28779338,1000,-3,100,"n"
1122,1829.825312,369.7308378,125.608,0.850571827,0.367966802,0.954081633,36.85272469,39.63345002,1000,-3,101,"n"
1325,1840.746415,246.194717,131.116,0.923736344,0.419741821,0.969985359,39.16998867,43.15569577,1000,-3,102,"n"
1268,1851.949527,1341.470032,139.619,0.781830184,0.429326472,0.94485842,38.82758739,42.99132434,1000,-3,103,"n"
1881,1870.614035,1100.542265,162.452,0.862008608,0.298172027,0.956765005,48.40141918,50.70801795,1000,-3,104,"n"
1091,61.76351971,1448.76352,125.302,0.83101665,0.268295348,0.962930274,36.62586993,38.01980113,1000,-3,1,"n"
1383,72.71728127,777.2002892,156.804,0.679340473,0.284507934,0.924465241,41.68019127,43.47693266,1000,-3,2,"n"
1312,74.59984756,1807.196646,138.245,0.82475934,0.226847283,0.943206326,41.08929263,42.18914935,1000,-3,3,"n"
1068,106.4007491,997.1928839,137.51,0.678409324,0.348903542,0.925476603,36.48784819,38.93454811,1000,-3,4,"n"
1166,110.890223,1848.371355,124.194,0.903667756,0.270385872,0.972477064,37.84520604,39.30940125,1000,-3,5,"n"
1496,157.0574866,275.3475936,171.045,0.619600857,0.208198194,0.933250156,43.80225763,44.7836163,1000,-3,6,"n"
1732,167.9272517,1237.148383,170.724,0.719996626,0.556366835,0.929184549,43.52707498,52.38313628,1000,-3,7,"n"
1531,169.2775963,871.3357283,163.387,0.693757085,0.511982951,0.935819071,41.38212845,48.17501739,1000,-3,8,"n"
1229,180.458096,987.5882832,145.846,0.695763339,0.218361257,0.930355791,39.68314032,40.66445477,1000,-3,9,"n"
1612,218.2537221,452.4001241,164.305,0.722474083,0.277470193,0.948235294,44.92677442,46.76295718,1000,-3,10,"n"
1366,232.7935578,1894.559297,134.407,0.907294464,0.364880794,0.972241993,40.27158339,43.25374555,1000,-3,11,"n"
1363,257.1012472,1781.524578,142.198,0.810844999,0.340838737,0.932284542,41.26647538,43.89481915,1000,-3,12,"n"
1374,280.2343523,1603.821689,142.025,0.819338251,0.169738712,0.943033631,42.2590164,42.88126203,1000,-3,13,"n"
1349,284.0422535,82.97702001,142.653,0.79751522,0.391085228,0.949331457,40.27371506,43.75891737,1000,-3,14,"n"
1084,289.1789668,709.0498155,129.471,0.774585949,0.408209292,0.942608696,35.60953364,39.00754446,1000,-3,15,"n"
1377,301.7007988,1680.026144,141.43,0.827899983,0.245829869,0.952282158,41.80362168,43.1270622,1000,-3,16,"n"
1270,341.9165354,1582.145669,134.978,0.836571389,0.404145879,0.940044412,39.02804798,42.66784824,1000,-3,17,"n"
1098,348.6612022,548.4043716,137.452,0.698041345,0.270440633,0.932880204,37.42614575,38.87474899,1000,-3,18,"n"
1266,357.2156398,1232.243286,134.995,0.833731271,0.243618413,0.953313253,40.19802014,41.44676299,1000,-3,19,"n"
1413,384.5704176,1381.539278,144.291,0.81689271,0.304219051,0.953441296,41.93647936,44.02308076,1000,-3,20,"n"
1054,382.0759013,1324.003795,119.555,0.879803064,0.404640439,0.971428571,35.07459045,38.35485619,1000,-3,21,"n"
1212,396.5,1117.036304,133.879,0.811224018,0.351626568,0.946875,38.61556746,41.24976285,1000,-3,22,"n"
1480,402.9378378,217.2486486,147.921,0.815000192,0.388147666,0.945686901,42.30083786,45.89948634,1000,-3,23,"n"
1099,479.2675159,674.8152866,134.326,0.730814073,0.275986386,0.936913896,37.21334722,38.71705795,1000,-3,24,"n"
1272,498.0212264,938.7625786,143.514,0.743189759,0.24613603,0.949962659,39.67865252,40.93810117,1000,-3,25,"n"
1096,502.0191606,1576.665146,125.501,0.832244339,0.376421978,0.95971979,36.01177808,38.87078987,1000,-3,26,"n"
1449,517.594893,494.5148378,155.531,0.723226638,0.237003096,0.92765685,43.25280584,44.52126591,1000,-3,27,"n"
1117,561.4556849,1697.06983,122.598,0.887807765,0.240697796,0.967937608,37.18746471,38.31388888,1000,-3,28,"n"
1373,570.8142753,1594.479243,141.818,0.821081905,0.250011829,0.935286104,41.84896506,43.22156161,1000,-3,29,"n"
1432,609.3184358,412.6159218,157.971,0.693256434,0.380558125,0.939632546,41.53024228,44.90935692,1000,-3,30,"n"
1466,634.0020464,308.1623465,162.246,0.673500594,0.462710582,0.923755514,41.36012853,46.65503661,1000,-3,31,"n"
1262,641.6442155,791.0998415,136.095,0.818017218,0.167774242,0.967049808,39.85051979,40.42350508,1000,-3,32,"n"
1321,649.006813,49.95533687,137.898,0.834508168,0.312299449,0.959331881,40.02048196,42.12754538,1000,-3,33,"n"
1479,688.9803922,334.6511156,151.114,0.781081229,0.360602116,0.940839695,42.66299901,45.7404268,1000,-3,34,"n"
1245,729.9092369,1390.139759,132.952,0.844702652,0.185856017,0.946768061,40.11484781,40.82616245,1000,-3,35,"n"
1397,741.6621331,336.662849,144.043,0.810366669,0.447645453,0.947761194,40.55630353,45.35428164,1000,-3,36,"n"
1197,775.1520468,974.6148705,127.114,0.886566376,0.308448092,0.963768116,38.13129253,40.0858305,1000,-3,37,"n"
1298,802.3281972,238.6949153,137.964,0.819211617,0.365840898,0.937861272,39.9641503,42.94092664,1000,-3,38,"n"
1784,834.1608744,1696.551009,162.278,0.819277108,0.448642641,0.941921859,45.87504442,51.33094713,1000,-3,39,"n"
3146,887.9227591,366.0610299,300.037,0.430102054,0.840565634,0.863811093,49.60779501,91.57634373,1000,-3,40,"n"
1156,876.083045,1576.558824,134.846,0.762935146,0.553420175,0.94521668,35.07107181,42.10706961,1000,-3,41,"n"
1415,877.1674912,704.1696113,146.136,0.797952534,0.367077165,0.947121821,41.38634826,44.49233627,1000,-3,42,"n"
1521,880.426693,1138.35503,156.894,0.746287063,0.229579259,0.930844553,44.14165985,45.35304098,1000,-3,43,"n"
1235,909.5684211,436.5959514,135.913,0.802612921,0.189800917,0.94708589,39.84174,40.57936752,1000,-3,44,"n"
1420,945.078169,31.23380282,154.761,0.715681328,0.321285453,0.93175853,41.89961014,44.245395,1000,-3,45,"n"
1027,976.4810127,1670.326193,122.143,0.822214208,0.426200015,0.960710945,34.44090316,38.07185581,1000,-3,46,"n"
1424,981.6629213,555.0575843,148.07,0.782617722,0.379063455,0.944297082,41.92235801,45.30331345,1000,-3,47,"n"
1636,984.7658924,734.1399756,156.745,0.804209259,0.343452925,0.939689833,44.94362422,47.85462625,1000,-3,48,"n"
1355,1025.709963,1150.709963,150.336,0.722868337,0.76884637,0.935773481,33.69722966,52.69856405,1000,-3,49,"n"
1336,1094.223054,1883.79491,139.767,0.822052657,0.31065744,0.953604568,40.44202934,42.54718141,1000,-3,50,"n"
1190,1219.47479,77.21932773,141.934,0.710506603,0.341279239,0.952,37.80899202,40.22395984,1000,-3,51,"n"
1109,1221.18936,1033.693417,126.055,0.834909284,0.249406881,0.951114923,37.49778573,38.72142994,1000,-3,52,"n"
1121,1245.055308,897.867975,130.67,0.786734141,0.275746551,0.965546942,37.10706331,38.60371474,1000,-3,53,"n"
1453,1257.330351,136.485203,173.479,0.585319244,0.222782705,0.938024532,43.05853599,44.16857498,1000,-3,54,"n"
1459,1299.865661,1223.021247,142.835,0.860396651,0.482260743,0.952971914,40.91221833,46.70196747,1000,-3,55,"n"
1293,1334.860789,421.358082,143.795,0.752572699,0.281570077,0.942419825,40.44198261,42.14723148,1000,-3,56,"n"
1377,1342.908497,1203.641249,140.991,0.832950909,0.348771406,0.948347107,41.09302714,43.84622713,1000,-3,57,"n"
1633,1381.579302,369.6399265,166.729,0.71114743,0.459147611,0.943385326,43.63452027,49.11806111,1000,-3,58,"n"
1015,1397.968473,941.0482759,115.08,0.912603846,0.399205285,0.973154362,34.45777458,37.58230868,1000,-3,59,"n"
1591,1440.260842,275.3174104,164.024,0.715461484,0.33273481,0.933685446,44.58776872,47.28186891,1000,-3,60,"n"
1052,1447.775665,69.32319392,130.331,0.742064082,0.294636867,0.935111111,36.45128976,38.14455354,1000,-3,61,"n"
1280,1451.134375,324.6460938,147.202,0.711623015,0.232727333,0.928208847,40.33529584,41.47409042,1000,-3,62,"n"
1617,1458.98825,1207.66914,153.983,0.823060111,0.399301744,0.944509346,44.24686488,48.26125717,1000,-3,63,"n"
1362,1458.842878,1064.879589,145.118,0.778648348,0.348581447,0.943866944,41.11113772,43.86224371,1000,-3,64,"n"
1421,1465.059113,1689.507389,141.04,0.858982478,0.289512743,0.937953795,42.44130774,44.3402147,1000,-3,65,"n"
1463,1471.880383,381.4101162,158.747,0.70149034,0.41630287,0.939627489,42.07618812,46.27693014,1000,-3,66,"n"
1455,1491.050172,91.97182131,149.981,0.779819893,0.277864255,0.947265625,42.78804025,44.54209228,1000,-3,67,"n"
1335,1508.68839,766.4104869,144.01,0.774749306,0.239736246,0.950177936,41.14868179,42.38470207,1000,-3,68,"n"
1357,1521.313191,572.7531319,144.258,0.784868944,0.293620552,0.943015983,41.23466056,43.13600719,1000,-3,69,"n"
1055,1545.698578,442.7194313,118.718,0.892776766,0.470263121,0.964351005,34.47193645,39.06052214,1000,-3,70,"n"
1650,1558.100606,1227.938182,156.457,0.814021158,0.410663881,0.950460829,44.13465167,48.40457381,1000,-3,71,"n"
1247,1646.182839,1171.759423,136.806,0.800102179,0.328849196,0.938299473,39.30821382,41.62319403,1000,-3,72,"n"
1155,1686.109091,596.3896104,132.059,0.79402588,0.335071245,0.932956381,37.98599436,40.31658341,1000,-3,73,"n"
1654,1718.377872,1256.17896,157.994,0.800501975,0.569376406,0.940306993,42.40453886,51.58220158,1000,-3,74,"n"
1091,1714.966086,237.2648946,124.31,0.844003176,0.457673976,0.96123348,35.20107392,39.59091058,1000,-3,75,"n"
1231,1731.5987,1783.658814,134.879,0.812045083,0.273583941,0.93328279,39.55801792,41.12709339,1000,-3,76,"n"
2021,1763.180604,397.698664,243.378,0.417900889,0.835859731,0.812952534,41.40030398,75.41820845,1000,-3,77,"n"
1565,1787.723962,1191.373163,155.1,0.785385566,0.449073176,0.93937575,42.86750319,47.97732953,1000,-3,78,"n"
1356,1819.076696,763.9100295,141.884,0.810177645,0.266591855,0.950911641,41.44179379,42.99790893,1000,-3,79,"n"
1371,1825.030635,1014.644055,142.596,0.811155535,0.316313409,0.938398357,41.34759007,43.58549857,1000,-3,80,"n"
1619,1832.386041,1632.273008,157.142,0.791915013,0.720657982,0.93314121,38.18391136,55.07633124,1000,-3,81,"n"
1297,1827.050887,439.3623747,138.915,0.80765717,0.249219714,0.937138728,40.65167945,41.97615429,1000,-3,82,"n"
1226,1841.047308,27.73491028,134.987,0.807482577,0.48402385,0.942352037,37.70336873,43.08686552,1000,-3,83,"n"
1065,1861.014085,62.54084507,132.068,0.732056267,0.376675255,0.9375,36.08790751,38.9572923,1000,-3,84,"n"
1200,1883.04,128.6125,139.171,0.74456814,0.231396724,0.92095165,39.47744283,40.57877205,1000,-3,85,"n"
1292,1883.635449,725.5897833,141.81,0.772727547,0.314926216,0.928828181,40.05180115,42.19905107,1000,-3,86,"n"
1495,1889.282943,1786.905686,149.683,0.80438611,0.553592481,0.944409349,40.3962162,48.50721962,1000,-3,87,"n"
1442,1895.916089,655.3148405,152.14,0.751510704,0.468982436,0.92733119,41.02685281,46.45211139,1000,-3,88,"n"
1497,54.87842351,1059.907148,162.849,0.682754723,0.451085167,0.935625,41.83829604,46.87864541,1000,6,1,"n"
1463,56.01161996,1865.609706,153.173,0.752411013,0.330032356,0.936619718,42.62050847,45.15029675,1000,6,2,"n"
1086,59.32044199,1823.123389,131.911,0.748227795,0.425120309,0.924255319,36.09093826,39.87346017,1000,6,3,"n"
1586,82.74905422,1375.3657,163.925,0.714058538,0.447424564,0.941246291,43.21680536,48.32355799,1000,6,4,"n"
1351,120.6765359,553.0325685,170.045,0.566026387,0.282813407,0.907320349,41.67247368,43.44616574,1000,6,5,"n"
1355,146.6797048,113.6811808,175.115,0.535868166,0.352312136,0.918644068,41.02670918,43.83745472,1000,6,6,"n"
1179,154.0347752,859.2052587,162.419,0.540517456,0.364358203,0.897943641,38.4919764,41.33327183,1000,6,7,"n"
1254,177.715311,1098.179426,159.823,0.593363585,0.465692363,0.901509705,38.5773129,43.59281057,1000,6,8,"n"
2665,185.8570356,1686.909568,292.843,0.382268813,0.278140346,0.911734519,57.24746513,59.59922393,1000,6,9,"n"
1046,179.8881453,895.1567878,128.429,0.759318335,0.244045598,0.950045413,36.02622871,37.14948968,1000,6,10,"n"
1595,182.9705329,1333.663323,150.584,0.848160805,0.42060437,0.963164251,43.10565384,47.51273779,1000,6,11,"n"
1080,335.3962963,607.8768519,165.216,0.478815505,0.736380284,0.906801008,31.04590241,45.88734396,1000,6,12,"n"
1040,353.6653846,159.8509615,139.064,0.64626383,0.194437894,0.927743087,36.18715885,36.8912343,1000,6,13,"n"
1035,380.3806763,1018.222222,147.087,0.576295218,0.667124643,0.903141361,32.10260612,43.09386354,1000,6,14,"n"
1310,385.2732824,1305.11145,148.782,0.713231829,0.328545658,0.922535211,40.37875169,42.75199672,1000,6,15,"n"
1279,439.0203284,442.8850665,140.958,0.774024847,0.358928177,0.937683284,39.76054646,42.59913185,1000,6,16,"n"
1404,450.2336182,1088.542023,160.128,0.661860333,0.37236062,0.927344782,41.56994628,44.79094725,1000,6,17,"n"
1390,499.5964029,161.2007194,153.281,0.713880805,0.370189765,0.934767989,41.2611154,44.41664461,1000,6,18,"n"
1113,509.0754717,654.2398922,155.366,0.556679064,0.371880085,0.908571429,36.75102616,39.59042032,1000,6,19,"n"
1242,560.0491143,1865.79066,134.093,0.828713216,0.185533184,0.943768997,40.22913506,40.93993423,1000,6,20,"n"
1330,681.043609,1166.542857,141.719,0.796454535,0.419634307,0.934645116,39.97398961,44.03909505,1000,6,21,"n"
1484,686.212938,741.7237197,165.504,0.655682773,0.45334768,0.923459863,41.83305346,46.93309632,1000,6,22,"n"
1348,739.3442136,1813.226261,144.349,0.778701686,0.325755098,0.938065414,41.10600934,43.47752645,1000,6,23,"n"
1069,747.6782039,341.6071094,134.822,0.7057625,0.497072196,0.941021127,34.47395324,39.72984703,1000,6,24,"n"
1388,774.3148415,1375.127522,142.289,0.824684405,0.296028432,0.950034223,41.78568606,43.74643962,1000,6,25,"n"
1381,773.5720492,932.5821868,162.32,0.633883054,0.228069758,0.921895861,42.23997487,43.38335204,1000,6,26,"n"
1231,902.9033306,842.6661251,136.517,0.793108482,0.350640923,0.946195234,39.02847784,41.67438539,1000,6,27,"n"
1384,969.191474,1515.059971,144.439,0.798523045,0.414616157,0.935135135,40.63863708,44.65801978,1000,6,28,"n"
1083,976.8891967,1041.65651,126.866,0.805194663,0.379021698,0.945851528,36.13201885,39.04527317,1000,6,29,"n"
3329,1030.457795,1779.005407,365.945,0.307091022,0.710050523,0.890106952,55.95875446,79.46985189,1000,6,30,"n"
1099,1057.468608,1146.99909,118.9,0.927239285,0.250796229,0.97515528,36.84185154,38.0581952,1000,6,31,"n"
1329,1090.470278,266.4890895,508.964,0.06368187,0.851823917,0.454981171,45.90233448,87.62860001,1000,6,32,"y"
1181,1105.795089,954.0795936,134.052,0.788482581,0.40934601,0.953188055,37.73999964,41.3643787,1000,6,33,"n"
1300,1130.110769,604.2753846,156.457,0.641350004,0.469253815,0.932568149,38.39992293,43.48490229,1000,6,34,"n"
1114,1133.969479,459.1292639,177.009,0.431343904,0.459401271,0.903487429,35.87166515,40.38561183,1000,6,35,"n"
1338,1172.107623,173.9379671,151.602,0.702167342,0.673810148,0.942917548,35.64452878,48.23969535,1000,6,36,"n"
1135,1192.757709,606.6220264,132.928,0.770341964,0.413932051,0.952980688,36.35151103,39.93320916,1000,6,37,"n"
1361,1205.268185,1275.95665,142.24,0.809187462,0.41594131,0.93862069,40.43559512,44.46445444,1000,6,38,"n"
1419,1220.730796,529.243129,151.18,0.748753501,0.346818548,0.952988583,41.634972,44.39017025,1000,6,39,"n"
1595,1253.39185,293.3736677,170.326,0.666091434,0.55327817,0.928945836,41.94113184,50.34970603,1000,6,40,"n"
1582,1276.512642,723.7692794,165.115,0.702218333,0.403828456,0.936094675,43.23611636,47.26112276,1000,6,41,"n"
1583,1324.997473,211.9001895,204.747,0.460287796,0.56955273,0.893845285,41.79051853,50.84284281,1000,6,42,"n"
1118,1380.698569,1487.181574,123.831,0.871428366,0.419830472,0.973020017,35.98177341,39.64485745,1000,6,43,"n"
1409,1425.325053,1550.197303,162.998,0.641467377,0.432119092,0.925755585,41.12383,45.60110366,1000,6,44,"n"
1517,1435.200396,1842.002637,147.755,0.837214186,0.402653307,0.941651148,43.00194268,46.97855714,1000,6,45,"n"
1492,1475.676944,1570.186327,155.356,0.746334206,0.453527511,0.920419494,42.21374548,47.36506172,1000,6,46,"n"
1379,1504.329949,1821.440899,141.893,0.823817344,0.415336492,0.952348066,40.38646196,44.39693227,1000,6,47,"n"
1371,1570.061999,1430.18089,134.143,0.914121071,0.354664359,0.970963173,40.4400459,43.25167807,1000,6,48,"n"
2185,1625.862243,839.3318078,920.072,0.03221491,0.566404144,0.559825775,55.14425345,66.91227384,1000,6,49,"y"
1555,1637.16463,704.2192926,156.696,0.76486079,0.346828114,0.950488998,43.43544871,46.30996832,1000,6,50,"n"
2301,1661.041721,273.0473707,293.463,0.328678079,0.329360093,0.865037594,54.05170081,57.24576312,1000,6,51,"y"
1875,1688.0496,384.2053333,254.022,0.356280594,0.366708156,0.883184173,48.33017102,51.94915544,1000,6,52,"y"
1254,1720.794258,1803.42185,135.615,0.818465066,0.384137075,0.936519791,38.84549134,42.07353841,1000,6,53,"n"
1399,1736.555397,1379.221587,148.657,0.762942992,0.352719626,0.932045303,41.38743502,44.23014842,1000,6,54,"n"
1094,1752.501828,1247.788848,178.58,0.416307387,0.305958472,0.864139021,37.99341193,39.90716569,1000,6,55,"n"
1015,1846.039409,1381.007882,126.279,0.76149865,0.366586651,0.953051643,34.76654178,37.36795237,1000,6,56,"n"
1205,35.50539419,1219.365975,149.592,0.649124163,0.275990305,0.910120846,39.25488654,40.84113926,1000,8,1,"n"
1079,42.12696942,1648.78962,137.054,0.689862578,0.35900138,0.913632515,36.84928531,39.48122079,1000,8,2,"n"
1211,82.55821635,1778.040462,140.181,0.740840465,0.279151655,0.935857805,39.10380395,40.72265036,1000,8,3,"n"
1631,150.8945432,421.756591,177.91,0.625257811,0.450334091,0.915263749,43.85009448,49.11194167,1000,8,4,"n"
1313,163.8598629,357.3945164,177.15,0.507602368,0.510355832,0.903026135,38.76472148,45.07717973,1000,8,5,"n"
1356,173.7020649,1445.511799,152.429,0.704067895,0.366016784,0.936464088,40.6554766,43.68699357,1000,8,6,"n"
1045,182.4985646,1074.24689,143.671,0.609255612,0.265483445,0.930543188,35.93801445,37.275635,1000,8,7,"n"
1318,266.1145675,1091.521244,157.045,0.645465371,0.377088637,0.938746439,39.61631446,42.77401293,1000,8,8,"n"
1413,311.2399151,1206.89172,167.267,0.6114614,0.602721133,0.938247012,38.48855496,48.23417919,1000,8,9,"n"
1359,374.4753495,1221.603385,166.142,0.595935951,0.364115567,0.927012278,40.49831957,43.48328279,1000,8,10,"n"
1626,433.704797,1699.062116,199.876,0.495750382,0.443936854,0.903835464,43.65774821,48.72200759,1000,8,11,"n"
1052,480.7110266,1156.734791,127.279,0.777200847,0.591451216,0.941808415,33.25754679,41.24502626,1000,8,12,"n"
1339,495.1411501,640.6430172,159.111,0.639156413,0.275247176,0.918381344,41.40825382,43.07197373,1000,8,13,"n"
1654,501.8452237,1706.08283,189.646,0.559225812,0.392563372,0.939239069,44.72372503,48.62728213,1000,8,14,"n"
1366,503.0856515,72.91947291,164.802,0.608602434,0.307777296,0.94598338,40.7775795,42.85797297,1000,8,15,"n"
1481,514.0040513,453.3470628,179.068,0.560560444,0.448128073,0.90691978,41.92158896,46.89376446,1000,8,16,"n"
1466,556.8847203,1444.725784,172.286,0.598615595,0.537359977,0.894447834,40.67797175,48.23362522,1000,8,17,"n"
1775,586.1042254,289.708169,195.062,0.56778665,0.809431811,0.901930894,37.37806786,63.65324288,1000,8,18,"n"
1015,584.7694581,964.6197044,142.985,0.597334214,0.617217542,0.934622468,32.00698462,40.6803355,1000,8,19,"n"
1375,627.5716364,1203.661091,149.245,0.744078996,0.442610629,0.948930297,39.69807628,44.27061515,1000,8,20,"n"
1131,639.8240495,426.7117595,139.991,0.693737855,0.505716106,0.918765232,36.2845929,42.0593423,1000,8,21,"n"
1177,643.0730671,376.9184367,160.212,0.554279665,0.346452137,0.913819876,37.99819474,40.50688106,1000,8,22,"n"
1761,681.5110733,66.26348666,528.343,0.078340775,0.430893258,0.71995094,46.54336883,51.57714881,1000,8,23,"n"
1353,683.7346637,1150.538803,144.969,0.775060173,0.453303635,0.942200557,39.73623528,44.57952589,1000,8,24,"n"
1296,697.1003086,1707.903549,183.088,0.469588528,0.204516356,0.884641638,40.79246741,41.67331004,1000,8,25,"n"
1391,709.1682243,298.7979871,179.449,0.52430041,0.413066007,0.930434783,40.41970179,44.38306077,1000,8,26,"n"
1078,723.4944341,1075.190167,139.379,0.666919453,0.561900186,0.930915371,34.21238903,41.359019,1000,8,27,"n"
2686,761.0949367,1601.907297,339.743,0.287091233,0.909804929,0.747564709,41.23387336,99.35008089,1000,8,28,"n"
2506,779.2346369,1317.405028,300.76,0.340976916,0.204201008,0.901438849,56.47659474,57.69222884,1000,8,29,"n"
1354,783.514771,1220.854505,157.076,0.662839108,0.348234561,0.935729095,40.67731658,43.39342239,1000,8,30,"n"
1261,783.8374306,1393.134021,166.629,0.549794032,0.499246577,0.889908257,38.22817772,44.11995898,1000,8,31,"n"
1243,795.2598552,254.2188254,146.863,0.694179654,0.126719091,0.944528875,39.99761899,40.32267445,1000,8,32,"n"
1433,839.5924634,910.6503838,159.178,0.683461674,0.368305445,0.936601307,41.78486641,44.94422787,1000,8,33,"n"
1085,870.6949309,1449.659908,171.732,0.445852429,0.365375489,0.893739703,36.55163985,39.26651821,1000,8,34,"n"
1295,916.9776062,396.4185328,156.895,0.635390972,0.38484885,0.923680456,39.58584553,42.88918743,1000,8,35,"n"
1028,936.1001946,60.4192607,144.937,0.58913988,0.637554714,0.908127208,32.25357047,41.86572924,1000,8,36,"n"
1345,953.9828996,1332.96803,165.703,0.592867761,0.252912532,0.906945381,41.69217185,43.09316744,1000,8,37,"n"
1534,958.1564537,323.8357236,173.634,0.616865696,0.491709877,0.915820896,42.1523494,48.40873874,1000,8,38,"n"
1179,967.7285835,1141.566582,138.866,0.734683927,0.521708439,0.95004029,35.90012702,42.08079166,1000,8,39,"n"
1170,973.3059829,576.1384615,162.106,0.538425281,0.364425123,0.911214953,37.61388321,40.3914977,1000,8,40,"n"
1082,1076.610906,1866.731054,133.507,0.728159967,0.31912163,0.951627089,36.19682841,38.19384043,1000,8,41,"n"
1298,1083.779661,334.4899846,153.149,0.667757663,0.553782017,0.926481085,37.89032351,45.50506442,1000,8,42,"n"
1545,1111.214239,365.8368932,196.824,0.485543113,0.543022476,0.905096661,41.35303853,49.246331,1000,8,43,"n"
1031,1150.42871,1259.211445,189.289,0.349880948,0.295028777,0.898083624,35.88628229,37.55805252,1000,8,44,"n"
1550,1160.000645,705.7290323,162.734,0.70790762,0.436023476,0.943396226,42.79194364,47.55002281,1000,8,45,"n"
1092,1209.705128,1657.120879,129.909,0.775173425,0.388534289,0.957894737,35.8824805,38.94198624,1000,8,46,"n"
1293,1213.262181,876.1848415,161.072,0.602545966,0.354819803,0.934248555,39.69012099,42.45229178,1000,8,47,"n"
1187,1226.994945,1704.94861,150.18,0.6345326,0.387238801,0.948083067,37.4381373,40.60625993,1000,8,48,"n"
1046,1239.544933,1571.487572,140.04,0.641161108,0.759111041,0.916739702,29.72850649,45.66863348,1000,8,49,"n"
1207,1245.819387,258.1267606,150.296,0.644248746,0.472129306,0.928461538,37.12479586,42.11408013,1000,8,50,"n"
1320,1258.754545,1459.112121,175.677,0.518750407,0.554557009,0.930232558,37.53770954,45.10953789,1000,8,51,"n"
1177,1260.920986,298.028887,132.258,0.806773475,0.533071,0.960032626,35.65085977,42.13698423,1000,8,52,"n"
1787,1299.658646,1688.989927,529.482,0.079157782,0.751273701,0.540042309,54.29045031,82.25940758,1000,8,53,"y"
1040,1314.4,232.3807692,120.96,0.848571601,0.371406896,0.95676173,35.11913475,37.82473001,1000,8,54,"n"
1362,1332.493392,1166.143906,209.512,0.37847877,0.509964678,0.87757732,39.54575609,45.97299488,1000,8,55,"n"
1618,1343.260816,97.6934487,185.618,0.570650653,0.810641052,0.918274688,35.06358127,59.88212098,1000,8,56,"n"
2758,1422.199057,613.5435098,289.731,0.404060747,0.899554645,0.828975053,41.41128792,94.80427309,1000,8,57,"n"
3542,1448.317335,449.4548278,361.984,0.333867289,0.737686758,0.857004597,57.58232611,85.28906463,1000,8,58,"n"
1300,1446.499231,671.3061538,150.56,0.691506841,0.316541079,0.916784203,40.61905566,42.82096071,1000,8,59,"n"
1264,1465.639241,990.1890823,157.855,0.61280679,0.390117416,0.906743185,39.30129096,42.68329698,1000,8,60,"n"
1432,1466.649441,895.3421788,176.446,0.55795635,0.344967287,0.913848117,42.18569948,44.94463927,1000,8,61,"n"
1395,1482.748387,570.8953405,169.846,0.585806467,0.449682534,0.918367347,40.26031284,45.07482442,1000,8,62,"n"
2027,1524.918106,216.4686729,293.653,0.289168941,0.643891715,0.905314873,44.66549912,58.37737322,1000,8,63,"n"
1168,1548.384418,265.6575342,385.794,0.097028056,0.513401145,0.716564417,37.04930299,43.17352127,1000,8,64,"n"
1028,1581.311284,521.1118677,425.755,0.070225976,0.896264877,0.48059841,30.85299052,69.56404896,1000,8,65,"y"
1299,1565.046189,778.2771363,204.084,0.380130078,0.426298604,0.85348226,41.38240537,45.74751928,1000,8,66,"n"
1167,1583.952014,1610.389889,153.224,0.599788769,0.425411628,0.926926132,37.00541884,40.88996689,1000,8,67,"n"
1213,1585.446826,1027.88211,134.449,0.805180377,0.260066456,0.95511811,39.08116434,40.47384004,1000,8,68,"n"
1353,1639.496674,184.1559497,146.284,0.761478572,0.405665607,0.955508475,39.9799683,43.74072777,1000,8,69,"n"
1373,1672.451566,323.7159505,216.003,0.359268287,0.35098351,0.854387057,44.0043838,46.99406942,1000,8,70,"n"
1129,1710.302923,530.1434898,128.544,0.818139349,0.292981992,0.943979933,37.88452425,39.62327439,1000,8,71,"n"
1266,1719.012638,1870.719589,134.681,0.837534564,0.348131155,0.955471698,39.23384444,41.85185197,1000,8,72,"n"
1337,1759.943156,1787.267016,140.405,0.815371439,0.405414401,0.960488506,39.67184811,43.39833218,1000,8,73,"n"
1081,1763.73358,612.6549491,134.938,0.712486375,0.506872938,0.941637631,34.69616432,40.24980039,1000,8,74,"n"
2334,1803.569409,474.7879177,241.493,0.490089027,0.530313989,0.929880478,50.46376888,59.52310743,1000,8,75,"n"
1261,1818.22839,44.96748612,138.378,0.791210079,0.408805236,0.949548193,38.78735124,42.50102019,1000,8,76,"n"
1152,43.28211806,1285.501736,144.11,0.667639989,0.435898706,0.936585366,36.94362043,41.04866178,1000,7,1,"n"
1418,102.9668547,412.6276446,155.787,0.705475636,0.487227378,0.949765573,39.99747699,45.80168934,1000,7,2,"n"
1157,104.1763181,713.2324978,130.488,0.814212816,0.464728176,0.959369818,36.20180771,40.88505137,1000,7,3,"n"
1461,117.0869268,27.6440794,162.477,0.66933248,0.277155437,0.945019405,42.77030436,44.51414161,1000,7,4,"n"
1164,162.5927835,1389.168385,162.578,0.53261713,0.458393813,0.888549618,37.06044584,41.6995554,1000,7,5,"n"
3000,187.9826667,488.879,319.48,0.362196507,0.90775072,0.793231095,44.43609985,105.9238184,1000,7,6,"n"
1458,197.9636488,1237.314815,157.11,0.713448582,0.407559632,0.930440332,41.89440208,45.87755595,1000,7,7,"n"
1396,220.9484241,297.0680516,155.307,0.698744673,0.433792758,0.952251023,40.59077443,45.05017022,1000,7,8,"n"
1908,242.8134172,964.3176101,205.781,0.549309894,0.89311238,0.860622463,34.37706393,76.42173282,1000,7,9,"n"
1376,313.3989826,1072.770349,148.302,0.753922128,0.295416803,0.946354883,41.2140779,43.13945794,1000,7,10,"n"
2737,344.5864085,1175.56814,289.748,0.400937595,0.8956563,0.812648456,42.27623275,95.05683818,1000,7,11,"n"
1687,359.9347955,1297.489627,182.359,0.616076075,0.233523883,0.929988975,46.07526832,47.38542479,1000,7,12,"n"
1580,382.6259494,281.9044304,176.877,0.612677916,0.250049727,0.927774516,44.65500075,46.1200981,1000,7,13,"n"
1430,382.0118881,639.5699301,158.624,0.686710353,0.45927997,0.952698201,40.33807208,45.41084655,1000,7,14,"n"
1115,506.6224215,774.3713004,140.677,0.677414771,0.47625832,0.941722973,35.52718378,40.40369042,1000,7,15,"n"
1227,561.5501222,712.5647922,161.708,0.567386071,0.401457101,0.914307004,38.63355917,42.18200069,1000,7,16,"n"
1041,561.7675312,1638.699328,148.302,0.570372773,0.454548016,0.921238938,34.69454244,38.95102317,1000,7,17,"n"
1423,574.7617709,204.6514406,195.559,0.452914724,0.376995609,0.891045711,41.82803602,45.16017766,1000,7,18,"n"
1693,578.2516243,263.2929711,191.921,0.55913778,0.416533245,0.928179825,44.89472965,49.38259603,1000,7,19,"n"
1372,579.5444606,650.0459184,155.076,0.688738612,0.365704242,0.948168625,40.46358876,43.47505754,1000,7,20,"n"
1295,579.2594595,1563.2139,195.394,0.412860067,0.576207097,0.896193772,36.95865003,45.22021475,1000,7,21,"n"
1605,620.5582555,700.7520249,162.941,0.731200819,0.405953474,0.952522255,43.32936506,47.41181926,1000,7,22,"y"
1151,626.8436142,1686.314509,274.484,0.187657614,0.54277307,0.612886049,46.13088308,54.92560419,1000,7,23,"n"
1450,654.0551724,845.3503448,152.901,0.748327235,0.16919466,0.943396226,43.10077145,43.73126017,1000,7,24,"n"
1700,702.0470588,1164.348235,191.175,0.565768824,0.316308357,0.927441353,45.81747272,48.29722463,1000,7,25,"n"
5713,770.2482058,146.44425,876.37,0.092809183,0.604244816,0.659166955,95.49541654,119.8488577,1000,7,26,"y"
1016,760.9468504,1869.115157,262.929,0.180347372,0.761715347,0.71048951,33.38155126,51.52175049,1000,7,27,"y"
1189,768.7670311,1642.057191,147.293,0.660231574,0.332340396,0.935483871,37.97869988,40.26752578,1000,7,28,"n"
1764,813.3798186,415.4331066,214.606,0.467521643,0.278068476,0.913043478,47.11824859,49.05283072,1000,7,29,"n"
1074,811.1629423,1718.883613,150.097,0.574748486,0.748424903,0.917948718,30.32160068,45.7187984,1000,7,30,"n"
1305,849.6291188,926.0022989,168.234,0.558370463,0.369476762,0.90625,40.03957629,43.08852134,1000,7,31,"n"
1253,895.273743,1340.07103,150.742,0.664930571,0.141746519,0.947089947,39.86638469,40.2730219,1000,7,32,"n"
3363,978.9753197,1065.793637,277.368,0.537082864,0.863388999,0.879445607,47.85325741,94.84553839,1000,7,33,"n"
1454,973.8700138,1312.099725,182.409,0.5307006,0.442721912,0.928480204,41.13307886,45.8737159,1000,7,34,"n"
1503,983.0093147,242.0299401,179.507,0.566156091,0.311744082,0.92152054,43.0771082,45.33639746,1000,7,35,"n"
1409,994.3122782,1881.329312,162.436,0.645829277,0.519434344,0.923934426,39.55619763,46.29106829,1000,7,36,"n"
1334,1014.2009,1801.653673,165.356,0.590443428,0.42520291,0.915579959,39.64936851,43.80671065,1000,7,37,"n"
1467,1097.575324,1328.239945,172.592,0.596939617,0.476420742,0.922641509,41.03188729,46.66864671,1000,7,38,"n"
2575,1108.905243,544.0493204,305.314,0.340096216,0.856020442,0.801930863,44.6739945,86.41974698,1000,7,39,"n"
1323,1118.050642,1828.524565,158.309,0.637808674,0.329174596,0.927769986,40.49420575,42.88418082,1000,7,40,"n"
1422,1182.701828,150.6715893,186.883,0.494868534,0.326006973,0.895465995,42.18629924,44.62423904,1000,7,41,"n"
1185,1183.315612,1882.778059,161.973,0.546207048,0.480358136,0.908045977,37.21057002,42.42588001,1000,7,42,"n"
1131,1190.923077,863.4703802,137.915,0.714308291,0.330097875,0.952822241,36.92949633,39.12243765,1000,7,43,"n"
1084,1188.29059,363.0212177,168.606,0.461804148,0.733945529,0.908633697,30.83969371,45.40535238,1000,7,44,"n"
1697,1230.247496,1732.803182,180.118,0.634977406,0.390111369,0.937569061,44.93422214,48.80082472,1000,7,45,"n"
1338,1324.538117,594.2832586,158.21,0.645831858,0.487127226,0.932404181,38.97701136,44.63028405,1000,7,46,"n"
1011,1324.652819,1254.442136,157.896,0.489898918,0.708842951,0.893109541,30.44958762,43.16847283,1000,7,47,"n"
1633,1334.763625,420.5235762,605.08,0.055471816,0.907772563,0.509675406,42.72061494,101.8460352,1000,7,48,"y"
1530,1328.301307,673.8509804,157.11,0.748680611,0.275619506,0.946782178,43.85911121,45.62636572,1000,7,49,"n"
1367,1327.485735,1502.978786,161.708,0.632124498,0.389871349,0.935660507,40.76362839,44.26646307,1000,7,50,"n"
1366,1367.984627,880.8279649,152.14,0.71190265,0.370769542,0.951916376,40.38554254,43.4849355,1000,7,51,"n"
1222,1368.337971,1381.158756,142.687,0.722097266,0.340021971,0.947286822,38.44386897,40.87957667,1000,7,52,"n"
1368,1383.409357,640.0131579,146.276,0.770003132,0.301830727,0.953974895,40.81031876,42.80676046,1000,7,53,"n"
2167,1393.902169,1129.159668,237.118,0.471744996,0.859334011,0.842534992,39.54359048,77.32195754,1000,7,54,"n"
1543,1397.821776,1703.847051,170.202,0.645297828,0.40817369,0.930639324,42.86035251,46.94944812,1000,7,55,"n"
1397,1433.562634,1421.335004,156.63,0.687712853,0.389408234,0.935073628,41.17110593,44.69944463,1000,7,56,"n"
1270,1449.73937,1340.486614,173.908,0.509124177,0.268732736,0.916967509,39.97666275,41.50337338,1000,7,57,"n"
1732,1471.050808,1447.256928,198.735,0.534054796,0.259603412,0.920786816,47.14197562,48.81560322,1000,7,58,"n"
2628,1481.586758,1573.288813,311.376,0.333845356,0.883681769,0.81640261,42.45254322,90.69347689,1000,7,59,"n"
1332,1514.210961,901.713964,144.382,0.769114729,0.347787334,0.958273381,39.9368362,42.59595478,1000,7,60,"n"
4070,1602.6543,838.7019656,430.897,0.271486088,0.942571322,0.74473925,46.37007839,138.8305147,1000,7,61,"n"
3059,1676.166067,234.2687153,324.253,0.358629769,0.902902434,0.770334928,45.43496117,105.7006674,1000,7,62,"n"
1177,1671.518267,1732.346644,162.66,0.538033021,0.45158172,0.911696359,37.36644609,41.87984713,1000,7,63,"n"
1539,1710.703054,1412.569201,188.968,0.524023039,0.462268009,0.921005386,42.16539646,47.55101169,1000,7,64,"n"
1722,1717.175377,412.9308943,168.267,0.736508618,0.278500881,0.949283352,46.28728765,48.19403783,1000,7,65,"n"
1469,1733.202859,55.85772634,149.418,0.793145051,0.392044464,0.958251794,41.90358618,45.55003654,1000,7,66,"n"
1243,1736.933226,1741.445696,153.289,0.638318764,0.244255757,0.932483121,39.30649387,40.53424175,1000,7,67,"n"
1417,1754.287932,638.042343,152.206,0.737854379,0.31586267,0.944037308,41.78777753,44.04253888,1000,7,68,"n"
1181,1768.437765,1098.500423,158.186,0.570220012,0.585765282,0.924823806,35.65927656,43.99768518,1000,7,69,"n"
1382,1775.586831,419.670767,153.843,0.70469931,0.363372855,0.945927447,40.57422567,43.55122172,1000,7,70,"n"
1156,1884.512111,235.4437716,147.947,0.636362159,0.694370851,0.930008045,32.82826641,45.61905949,1000,7,71,"n"
1874,54.27534685,715.981857,167.158,0.811992901,0.410417778,0.96053306,46.763958,51.28202726,1000,1,1,"n"
1252,75.0471246,1181.269968,155.34,0.626406909,0.765432645,0.927407407,32.32525127,50.2322403,1000,1,2,"n"
1705,95.83870968,678.0029326,173.552,0.686266256,0.196515337,0.922120065,46.76644482,47.69649058,1000,1,3,"n"
1096,92.76642336,1806.659672,120.82,0.89628499,0.409330559,0.972493345,35.71652278,39.14627884,1000,1,4,"n"
1754,107.7844926,535.3939567,160.22,0.825922953,0.526292938,0.97336293,43.61333357,51.29150073,1000,1,5,"n"
1405,135.3060498,1158.974377,137.708,0.889969243,0.358322084,0.970303867,40.89829693,43.80717992,1000,1,6,"n"
1638,164.1428571,1856.004274,163.825,0.738353933,0.426867062,0.934398175,44.04516217,48.705586,1000,1,7,"n"
1601,200.9643973,54.23173017,166.522,0.698914222,0.370296626,0.949021932,43.56698615,46.90101195,1000,1,8,"n"
1787,212.0962507,375.7028539,168.308,0.76394396,0.337161018,0.955104222,46.95297057,49.87319598,1000,1,9,"n"
1730,225.1751445,543.2959538,170.5,0.721021883,0.398366672,0.932614555,45.73681023,49.86426216,1000,1,10,"n"
1402,221.0306705,1566.050642,147.087,0.780643378,0.395720242,0.956996587,40.53345895,44.13625238,1000,1,11,"n"
1632,225.7916667,921.6605392,158.251,0.787340917,0.241645522,0.94828588,45.5452737,46.93624857,1000,1,12,"n"
1398,237.5007153,599.1659514,147.765,0.771437256,0.417738019,0.958190541,40.26019309,44.31172365,1000,1,13,"n"
1785,249.1596639,650.6436975,171.253,0.737534015,0.227381197,0.942947702,47.60023771,48.8806252,1000,1,14,"n"
1716,279.1282051,1381.952797,159.177,0.818447093,0.283027427,0.952803998,46.26615974,48.23854629,1000,1,15,"n"
1827,283.1472359,750.3377121,157.168,0.893365939,0.326016892,0.979099678,46.92703839,49.63912439,1000,1,16,"n"
1065,284.3089202,468.9295775,124.343,0.823462963,0.308181743,0.956873315,35.96029416,37.8001205,1000,1,17,"n"
1270,289.6417323,556.215748,130.851,0.888898154,0.357316126,0.964312832,38.89493132,41.64413091,1000,1,18,"n"
1833,301.3475177,958.6846699,168.068,0.785807448,0.418281977,0.948266943,46.53685033,51.23413809,1000,1,19,"n"
1673,336.6640765,1714.591751,161.973,0.771142946,0.306861415,0.963154865,45.17417633,47.46412042,1000,1,20,"n"
1731,363.8567302,1091.257077,162.651,0.791364721,0.187097378,0.948493151,47.36097867,48.21234249,1000,1,21,"n"
1863,380.108964,242.3462158,167.506,0.803937685,0.347808741,0.953428864,47.75445173,50.93452285,1000,1,22,"n"
1358,388.0346097,320.1067747,139.105,0.843385033,0.337902951,0.96039604,40.37836555,42.90180884,1000,1,23,"n"
1416,411.8721751,862.0621469,149.254,0.766175575,0.286084329,0.958700068,41.62307816,43.4386194,1000,1,24,"n"
1310,418.3648855,523.5877863,147.03,0.729970965,0.640207696,0.94858798,35.94624219,46.79270359,1000,1,25,"n"
1457,437.2539465,1505.074125,149.658,0.784196723,0.640053162,0.955409836,37.95354066,49.39740707,1000,1,26,"n"
1613,463.7954123,584.7458153,149.551,0.869377293,0.169833971,0.967606479,45.02558575,45.6893288,1000,1,27,"n"
1610,466.9149068,1162.386335,156.482,0.794038532,0.450095711,0.943728019,43.4798382,48.69070153,1000,1,28,"n"
1045,475.0449761,1234.113876,138.312,0.656293632,0.630208977,0.937219731,32.27293825,41.56604323,1000,1,29,"n"
3026,484.5680767,226.7184402,279.526,0.4759121,0.86474193,0.844072524,46.72188236,93.03136009,1000,1,30,"n"
1009,486.1337958,366.4281467,119.166,0.847606335,0.318818532,0.960038059,34.93758665,36.86115758,1000,1,31,"n"
1222,492.9648118,94.69148936,128.031,0.892472545,0.331754084,0.96984127,38.3456046,40.64764738,1000,1,32,"n"
1675,528.320597,1785.513433,232.618,0.378691825,0.661416447,0.864739288,41.51676286,55.35429217,1000,1,33,"n"
1460,533.5623288,1718.374658,147.839,0.80486023,0.20311341,0.963060686,42.80834486,43.71967185,1000,1,34,"n"
1454,541.0584594,74.06189821,156.903,0.713332908,0.397624705,0.95720869,41.41542716,45.13706174,1000,1,35,"n"
1879,557.9254923,380.8259713,168.407,0.80234717,0.444362006,0.943273092,47.08294486,52.55688575,1000,1,36,"n"
1416,557.6235876,1273.668785,320.62,0.169754956,0.664987509,0.587551867,54.86148342,73.45672413,1000,1,37,"y"
1765,587.529745,1097.453824,184.105,0.632596415,0.501365522,0.923117155,44.52542646,51.4604662,1000,1,38,"n"
1418,589.5980254,71.93370945,139.279,0.878497475,0.225250193,0.97323267,41.97657258,43.08378471,1000,1,39,"n"
1773,613.0439932,158.963903,182.832,0.644193054,0.609355589,0.939586645,42.62342361,53.75656582,1000,1,40,"n"
1606,609.3405978,1677.598381,154.529,0.811809267,0.293688932,0.95823389,44.38732127,46.43505876,1000,1,41,"n"
1357,622.3684598,357.6389094,148.236,0.744160344,0.673438683,0.943671766,35.90054764,48.56392751,1000,1,42,"n"
1518,628.3570487,215.7088274,145.548,0.862820574,0.225298227,0.956521739,43.86042523,45.01784073,1000,1,43,"n"
1223,655.0523303,758.5862633,152.264,0.636360235,0.652217899,0.94367284,34.56144735,45.59367998,1000,1,44,"n"
1855,663.3477089,1591.003774,166.364,0.811307918,0.3479659,0.958656331,47.29224445,50.44467383,1000,1,45,"n"
1620,682.9530864,1164.169136,161.733,0.748888924,0.431414065,0.957446809,43.18337573,47.86696508,1000,1,46,"n"
1076,688.3197026,1110.669145,125.427,0.817998214,0.158181227,0.962432916,36.82861926,37.29819998,1000,1,47,"n"
1335,694.0449438,421.4359551,159.194,0.636595593,0.541354794,0.926439972,38.09478988,45.30809937,1000,1,48,"n"
2731,723.3654339,1364.057488,259.001,0.499409022,0.840550585,0.871966794,45.12475227,83.29702414,1000,1,49,"n"
1646,731.1257594,1262.174362,161.328,0.764660156,0.380375861,0.955865273,44.28097005,47.88001569,1000,1,50,"n"
1350,737.7540741,1747.861481,141.934,0.806036903,0.44497438,0.962223806,39.28606924,43.86841963,1000,1,51,"n"
2590,765.046332,639.3409266,258.603,0.475066264,0.891895105,0.856198347,40.69848995,89.99266025,1000,1,52,"n"
1205,753.3020747,1829.649793,149.129,0.65307767,0.782388166,0.917047184,31.34239793,50.32569961,1000,1,53,"n"
1201,790.080766,932.9916736,141.016,0.726236093,0.537761302,0.949407115,35.9974958,42.69673592,1000,1,54,"n"
1716,803.6981352,494.0425408,169.044,0.727333394,0.426083807,0.949115044,44.78997741,49.50899152,1000,1,55,"n"
1446,816.1583679,1694.068465,162.015,0.666171929,0.188635836,0.94140625,43.08744016,43.87512557,1000,1,56,"n"
1389,824.3412527,1798.557955,152.338,0.722046757,0.413106176,0.957270848,40.19174616,44.13363591,1000,1,57,"n"
1693,826.7767277,63.65918488,159.285,0.806403779,0.500364554,0.967981704,43.24577022,49.94805924,1000,1,58,"n"
1889,836.671784,699.0693489,167.812,0.812241841,0.241016724,0.954040404,48.72721815,50.20728045,1000,1,59,"n"
1515,868.8475248,1238.489769,144.936,0.868248029,0.321293519,0.96619898,42.77325438,45.16808147,1000,1,60,"n"
1564,875.0997442,1550.096547,154.406,0.791813806,0.125248324,0.963054187,44.49028911,44.84341196,1000,1,61,"n"
1736,891.0264977,1303.494816,156.837,0.852385083,0.348998246,0.969832402,45.81884374,48.89307518,1000,1,62,"n"
1479,891.7822853,522.3488844,152.264,0.769564012,0.177354511,0.950514139,43.47773053,44.17808436,1000,1,63,"n"
1426,895.7187938,1007.673212,142.306,0.847064175,0.393949408,0.966779661,40.88684177,44.48418312,1000,1,64,"n"
1521,919.0650888,466.9579224,151.461,0.799660295,0.420739286,0.956603774,41.95491269,46.24753493,1000,1,65,"n"
1718,922.8288708,214.7048894,159.062,0.820563293,0.264238552,0.951273533,46.58306246,48.29976386,1000,1,66,"n"
1422,965.7876231,1793.116034,147.202,0.790568693,0.420953344,0.956287828,40.59125646,44.74925469,1000,1,67,"n"
1924,992.7822245,1251.287422,176.281,0.751035863,0.288851336,0.946850394,49.10449601,51.29082041,1000,1,68,"n"
1436,1030.689415,36.61002786,142.397,0.851937945,0.285822839,0.963758389,41.90400809,43.72824206,1000,1,69,"n"
1368,1030.942982,1088.349415,142.348,0.812142252,0.146486187,0.966101695,41.54824984,42.00133013,1000,1,70,"n"
1803,1060.622296,564.3799224,164.304,0.808087053,0.261003677,0.963141026,47.56898877,49.27703904,1000,1,71,"n"
1297,1058.879722,849.9822668,135.375,0.849466468,0.356098315,0.962166172,39.32836685,42.08724938,1000,1,72,"n"
3116,1093.143453,682.4380616,298.183,0.431258985,0.897565522,0.809981804,45.89670226,104.1022249,1000,1,73,"n"
1671,1104.967684,1235.347696,154.869,0.841034691,0.456709631,0.965895954,43.55438889,48.95864906,1000,1,74,"n"
1458,1114.376543,1509.317558,148.22,0.799716415,0.400448963,0.952941176,41.59125553,45.38949056,1000,1,75,"n"
1435,1118.354704,558.3149826,138.725,0.895986547,0.277875613,0.970906631,41.92473102,43.64354183,1000,1,76,"n"
1947,1126.062661,1749.932203,178.307,0.743136525,0.413827102,0.954411765,47.6815593,52.3768566,1000,1,77,"n"
1119,1134.403932,1862.103664,282.875,0.171892724,0.363321691,0.687346437,47.66265242,51.15864201,1000,1,78,"y"
1373,1149.83831,1478.74654,138.27,0.862800472,0.388337925,0.964185393,40.18313273,43.60541473,1000,1,79,"n"
1085,1177.428571,1372.741935,131.158,0.755945022,0.481121042,0.952589991,34.85460275,39.7586685,1000,1,80,"n"
1744,1184.772362,1799.744266,172.998,0.706386465,0.293191599,0.961941533,46.32648344,48.45594261,1000,1,81,"n"
1525,1197.30623,244.3055738,165.901,0.670636857,0.566933035,0.933864054,40.42695638,49.075903,1000,1,82,"n"
1238,1207.67609,969.861874,149.378,0.668773776,0.525158938,0.937168812,36.99452294,43.47161204,1000,1,83,"n"
3492,1246.829611,808.6958763,296.415,0.489019678,0.881941361,0.850255661,48.57797324,103.0593649,1000,1,84,"n"
1257,1223.902944,1402.514718,137.732,0.795950319,0.440088039,0.958079268,37.96379726,42.27807952,1000,1,85,"n"
1782,1229.094276,53.85353535,162.519,0.815979301,0.294890995,0.95090715,47.07346559,49.26420023,1000,1,86,"n"
1790,1260.611732,229.022905,163.742,0.807673091,0.280363869,0.94359515,47.61338502,49.60276354,1000,1,87,"n"
1459,1271.349554,158.9019877,143.803,0.849098233,0.474762397,0.966225166,40.47340729,45.98655053,1000,1,88,"n"
3707,1279.759644,1470.733477,344.614,0.38519816,0.808634505,0.793110826,59.37749151,100.9286871,1000,1,89,"n"
1665,1292.362763,433.4402402,157.044,0.815412185,0.361454776,0.962984384,44.50050983,47.72737471,1000,1,90,"n"
3394,1349.940778,1615.759281,292.865,0.486764542,0.878488955,0.806750654,49.18071557,102.9396396,1000,1,91,"n"
1706,1355.358734,533.2356389,163.288,0.773976528,0.262825141,0.95254048,46.31823765,48.00596003,1000,1,92,"n"
1477,1415.930941,1060.38524,154.934,0.74278089,0.372173664,0.930100756,42.52446922,45.81572855,1000,1,93,"n"
1594,1481.437265,96.50752823,160.253,0.750279052,0.337872559,0.942080378,44.14596411,46.90431948,1000,1,94,"n"
1658,1504.235223,1321.012666,159.351,0.789091298,0.176818449,0.942581012,46.34378623,47.08569269,1000,1,95,"n"
1706,1535.644783,581.3024619,163.123,0.77551347,0.302986543,0.954672636,45.80407434,48.06329759,1000,1,96,"n"
1492,1583.482574,912.7942359,162.445,0.683798822,0.379141801,0.941919192,42.39282528,45.81331204,1000,1,97,"n"
1544,1605.757124,667.8503886,153.372,0.792050804,0.363968033,0.960796515,43.14620277,46.32346234,1000,1,98,"n"
1228,1619.232085,1108.978013,139.759,0.755683902,0.505255882,0.952676493,36.92980844,42.79387056,1000,1,99,"n"
1713,1644.861062,1746.562172,159.508,0.813694288,0.347798255,0.965614431,45.47335242,48.50131902,1000,1,100,"n"
1555,1654.456592,1655.305466,155.349,0.777917029,0.325994902,0.958692972,43.7470638,46.27499618,1000,1,101,"n"
1420,1665.225352,718.1169014,150.205,0.758839532,0.137856405,0.956228956,42.3777432,42.78625672,1000,1,102,"n"
1521,1678.869165,1308.717949,150.949,0.804983219,0.216845542,0.961441214,43.71474375,44.78024826,1000,1,103,"n"
1704,1688.837441,1169.361502,164.983,0.757559876,0.24566584,0.938325991,46.84606329,48.3270667,1000,1,104,"n"
1626,1698.714022,1553.97786,155.778,0.809050292,0.333200435,0.961561206,44.22198681,46.9021632,1000,1,105,"n"
1854,1711.004854,776.2405609,171.947,0.759983022,0.398924601,0.956162971,46.80115954,51.03815691,1000,1,106,"n"
1180,1723.95,369.1779661,139.503,0.728754492,0.638209702,0.946271051,34.12663603,44.32821826,1000,1,107,"n"
1403,1732.947256,1651.683535,141.272,0.845378874,0.312139309,0.959644323,41.23290478,43.40139734,1000,1,108,"n"
1374,1733.8246,994.3129549,137.865,0.868395892,0.124636091,0.967605634,41.69823547,42.02593175,1000,1,109,"n"
1789,1757.427054,431.5729458,161.154,0.832853045,0.217043604,0.964940669,47.52130754,48.68178841,1000,1,110,"n"
1505,1757.977409,36.86378738,148.327,0.824330148,0.476634194,0.961661342,41.0845716,46.73471837,1000,1,111,"n"
1536,1766.594401,1129.690755,150.725,0.815290547,0.389212961,0.953445065,42.7485294,46.40789389,1000,1,112,"n"
1735,1808.054179,874.1948127,156.977,0.850405019,0.215241931,0.964961068,46.7084372,47.82952509,1000,1,113,"n"
1484,1806.330189,157.7163073,146.119,0.837053933,0.37504828,0.9617628,42.20135156,45.52439184,1000,1,114,"n"
1273,1831.152396,951.4917518,154.199,0.64618475,0.746385127,0.92919708,33.16882309,49.83938684,1000,1,115,"n"
1079,1837.215941,1020.468026,138.321,0.677560503,0.666339292,0.944006999,32.14883615,43.11525951,1000,1,116,"n"
1550,1852.103871,655.6948387,151.395,0.815603156,0.217094355,0.963930348,43.93864922,45.01216117,1000,1,117,"n"
1776,1856.746059,1642.40991,162.056,0.817796781,0.103438344,0.956896552,47.78671923,48.04443595,1000,1,118,"n"
1356,1871.252212,548.2912979,142.894,0.799009823,0.361024301,0.963752665,40.18405184,43.09021041,1000,1,119,"n"
1646,29.91312272,1178.427096,166.926,0.715149051,0.279772867,0.943266476,45.37141371,47.25862952,1000,2,1,"n"
1460,43.19520548,502.7171233,163.959,0.657062587,0.547103577,0.949284785,39.62627922,47.33955324,1000,2,2,"n"
1554,135.3371943,1293.398327,155.969,0.771369906,0.258027061,0.949297495,44.07342033,45.6181565,1000,2,3,"n"
1159,160.4063848,1815.022433,189.2,0.393683202,0.757728606,0.879362671,31.61434284,48.4459168,1000,2,4,"n"
1795,203.9844011,1104.991643,168.101,0.769220284,0.329566772,0.959893048,46.49751554,49.24894216,1000,2,5,"n"
1660,236.3487952,904.1855422,154,0.844764492,0.401846533,0.962318841,44.25280698,48.32638121,1000,2,6,"n"
1553,241.3393432,1054.179652,171.741,0.638099132,0.358971521,0.934978928,43.3215855,46.41522956,1000,2,7,"n"
1509,244.0775348,743.6925116,150.998,0.798124587,0.206939837,0.950850662,43.91740861,44.88909272,1000,2,8,"n"
1676,262.3287589,571.1527446,167.613,0.72233572,0.423913588,0.945823928,44.4218036,49.0467861,1000,2,9,"n"
1638,265.7344322,1622.134921,169.308,0.692148713,0.385426331,0.950116009,44.18326926,47.88275764,1000,2,10,"n"
1829,301.1902679,378.825041,166.48,0.798842746,0.342012023,0.955590387,47.24957032,50.28178435,1000,2,11,"n"
1561,331.3600256,1469.073671,169.21,0.660362138,0.508133012,0.933054393,42.00180847,48.7668079,1000,2,12,"n"
1644,336.3491484,555.0517032,160.038,0.775853972,0.465263838,0.944284894,43.62684509,49.28628848,1000,2,13,"n"
1852,392.5242981,696.7084233,168.482,0.790126938,0.369864143,0.95661157,47.06441104,50.65668696,1000,2,14,"n"
2421,409.810822,1409.907889,239.671,0.516014899,0.872398726,0.865260901,40.56119252,82.98202734,1000,2,15,"n"
1531,415.6727629,1082.024167,163.495,0.692858105,0.573364145,0.935819071,40.54829519,49.49134986,1000,2,16,"n"
1544,459.7687824,1032.790155,160.41,0.725349982,0.275807531,0.957816377,43.82695593,45.59547288,1000,2,17,"n"
1433,503.85485,83.43405443,154.38,0.72573132,0.465056378,0.942143327,40.72918178,46.00706301,1000,2,18,"n"
1148,527.9512195,1866.410279,135.202,0.753760982,0.52078349,0.951118476,35.41116256,41.48017733,1000,2,19,"n"
1343,552.2419955,264.8451229,143.249,0.787516277,0.433543373,0.962034384,39.30606432,43.61850846,1000,2,20,"n"
1663,572.1888154,917.1635598,164.975,0.739402568,0.246342975,0.943813848,45.84987891,47.30777603,1000,2,21,"n"
1347,593.5374907,1181.285078,146.516,0.755753122,0.254533166,0.95261669,40.78014043,42.16901728,1000,2,22,"n"
1567,601.8730057,1565.726228,166.877,0.681217861,0.213895778,0.929418743,45.29931245,46.37253584,1000,2,23,"n"
1735,612.0063401,578.8063401,163.346,0.786584883,0.167953917,0.954870666,47.23435234,47.91499211,1000,2,24,"n"
1454,614.0962861,702.545392,155.563,0.725429615,0.470836791,0.935649936,40.91666813,46.37919417,1000,2,25,"n"
1578,676.1768061,1778.263625,164.281,0.707438575,0.429788107,0.933727811,43.09484463,47.72779201,1000,2,26,"n"
1405,738.747331,788.6590747,151.213,0.741049257,0.304729731,0.946765499,41.54433394,43.61889826,1000,2,27,"n"
1197,776.8462824,675.5037594,128.536,0.867521523,0.257053451,0.966882068,38.41196869,39.74759984,1000,2,28,"n"
1655,803.7111782,252.4175227,168.581,0.705266067,0.504694045,0.952243959,42.88053165,49.67058618,1000,2,29,"n"
1494,802.9946452,1245.413655,187.181,0.518298284,0.536122182,0.908759124,40.62545075,48.12641477,1000,2,30,"n"
1687,858.8049793,1152.919384,161.336,0.783630741,0.125245124,0.956349206,46.33526641,46.70301397,1000,2,31,"n"
1587,863.2867045,582.9722747,154.787,0.799586145,0.259381003,0.967682927,44.30275536,45.87274668,1000,2,32,"n"
1630,862.2319018,1782.193252,159.004,0.779089178,0.311320305,0.959952886,44.71246747,47.05064755,1000,2,33,"n"
1454,872.4917469,1036.704264,163.197,0.660371353,0.42455883,0.94723127,41.00453868,45.28884767,1000,2,34,"n"
1387,884.2314348,1844.162942,153.289,0.712267197,0.533429434,0.944822888,39.05622363,46.17423217,1000,2,35,"n"
1415,924.9689046,1786.909541,150.336,0.754877267,0.429905136,0.945855615,40.96139804,45.36778685,1000,2,36,"n"
1544,928.5783679,1156.662565,159.525,0.733264096,0.341517256,0.95308642,43.34739115,46.12035418,1000,2,37,"n"
1648,935.4399272,1862.059466,166.762,0.717400949,0.362811079,0.957582801,44.35369952,47.5968174,1000,2,38,"n"
1107,934.031617,1434.64318,153.381,0.5678105,0.69394,0.915632754,32.17549726,44.68615303,1000,2,39,"n"
1708,954.9929742,857.9151054,169.706,0.718407835,0.300334388,0.93897746,46.2967012,48.53748379,1000,2,40,"n"
1455,988.7340206,1747.75189,158.483,0.699935419,0.460439755,0.947882736,40.84169059,46.00890698,1000,2,41,"n"
1058,999.9206049,1090.016068,346.012,0.109059249,0.358132394,0.607347876,49.94933667,53.49780237,1000,2,42,"y"
1062,1030.585687,936.1770245,154.895,0.534341697,0.430934924,0.927510917,35.05401287,38.84604718,1000,2,43,"n"
1534,1096.824641,1662.17601,185.817,0.539885834,0.531998818,0.931956258,41.0973461,48.53567654,1000,2,44,"n"
1478,1152.035183,1671.99594,171.649,0.607922459,0.451896781,0.923173017,41.49337216,46.51357108,1000,2,45,"n"
1346,1193.532689,1009.895245,160.03,0.63528093,0.425040649,0.937325905,39.75696578,43.9218915,1000,2,46,"n"
1464,1235.495219,512.4726776,163.124,0.665497106,0.205852648,0.939063502,43.03824121,43.9801644,1000,2,47,"n"
1641,1288.850701,1157.011578,201.911,0.490442294,0.409780898,0.935042735,43.8918525,48.11732436,1000,2,48,"n"
2653,1309.855258,1060.859404,321.184,0.316945561,0.884363391,0.796936017,44.14314332,94.56561496,1000,2,49,"n"
1048,1313.566794,1782.532443,139.693,0.645512038,0.462994903,0.929902396,34.52608223,38.95262142,1000,2,50,"n"
1487,1337.498319,1698.570276,161.113,0.692605266,0.552437974,0.947133758,40.12570568,48.13809936,1000,2,51,"n"
1705,1371.327273,1066.272727,158.168,0.82340568,0.283752072,0.961646926,45.67757526,47.63550501,1000,2,52,"n"
1777,1373.519977,122.5447383,156.895,0.871883983,0.427292216,0.971569163,45.27460598,50.07623719,1000,2,53,"n"
1788,1379.039709,1584.662752,184.303,0.639486743,0.470991063,0.930765226,45.43815076,51.50911957,1000,2,54,"n"
1561,1391.846252,979.0935298,155.306,0.781342552,0.399254623,0.959434542,42.7441256,46.62113511,1000,2,55,"n"
1592,1396.095477,1267.428392,173.113,0.643979501,0.269207924,0.939233038,44.5948547,46.30431363,1000,2,56,"n"
1888,1404.111758,306.2870763,180.416,0.704153184,0.287860393,0.9388364,48.87800074,51.03833167,1000,2,57,"n"
1521,1421.927679,409.0854701,145.928,0.860123768,0.415511284,0.971884984,42.00570964,46.18102761,1000,2,58,"n"
2119,1457.991505,853.7291175,229.343,0.49266586,0.431644117,0.918110919,49.80342189,55.21174416,1000,2,59,"n"
1341,1463.203579,1640.677852,155.432,0.670157543,0.683960875,0.937106918,35.49089685,48.649743,1000,2,60,"n"
1296,1502.322531,1621.63966,145.399,0.7381159,0.589978049,0.938450398,36.65207245,45.39410087,1000,2,61,"n"
1285,1678.61323,1038.535409,154.605,0.648922776,0.181552723,0.937956204,40.52140669,41.20620384,1000,2,62,"n"
1771,1702.652174,1351.915302,177.058,0.685363253,0.436295878,0.948072805,45.55014104,50.62233387,1000,2,63,"n"
1231,1697.400487,672.2534525,169.897,0.516632792,0.299645232,0.910502959,39.17858041,41.065512,1000,2,64,"n"
1504,1703.691489,1160.192819,171.36,0.620667364,0.491159766,0.944130571,41.30897966,47.42328754,1000,2,65,"n"
1546,1717.805951,904.5297542,172.709,0.628248819,0.397712484,0.939817629,42.95949691,46.82182464,1000,2,66,"n"
1410,1760.634043,1423.514184,151.189,0.743917763,0.266170425,0.952059419,41.68208613,43.24199863,1000,2,67,"n"
1510,1774.089404,203.0251656,160.22,0.711028312,0.2581953,0.944340213,43.59221576,45.12218532,1000,2,68,"n"
1766,1811.615515,1424.546433,167.563,0.761570569,0.477791455,0.951508621,44.63810844,50.81327893,1000,2,69,"n"
1412,1880.216714,1141.850567,163.727,0.637228739,0.330744365,0.944481605,41.27654918,43.73811337,1000,2,70,"n"
1685,41.34005935,93.97804154,157.051,0.825134809,0.359693711,0.937152392,45.73218696,49.01257752,1000,3,1,"n"
1121,42.5352364,141.6601249,120.663,0.919055981,0.403998964,0.973090278,36.15773665,39.52704393,1000,3,2,"n"
1430,45.57832168,555.4727273,142.306,0.849440232,0.237880405,0.950166113,42.4590408,43.71387143,1000,3,3,"n"
1169,63.93498717,515.0940975,196.832,0.367349182,0.425971833,0.840402588,40.48663105,44.74964194,1000,3,4,"n"
1211,119.6011561,1689.54583,134.606,0.802021428,0.305226603,0.944617785,39.14041172,41.10179992,1000,3,5,"n"
1387,188.1160779,725.9480894,150.469,0.738659003,0.425450359,0.913100724,41.13948806,45.4589139,1000,3,6,"n"
1056,198.9649621,1688.849432,126.097,0.794491659,0.509075399,0.951351351,34.48219507,40.06194559,1000,3,7,"n"
1429,284.1840448,880.7452764,155.2,0.716229286,0.418432385,0.906150919,42.17452617,46.43503589,1000,3,8,"n"
1387,291.6157174,484.1312185,149.584,0.747244431,0.383072712,0.939701897,40.87431916,44.24977177,1000,3,9,"n"
2378,305.3225399,824.2279226,477.801,0.129191885,0.751759591,0.783009549,46.29768961,70.20787499,1000,3,10,"y"
2304,329.1367188,1837.525608,223.321,0.56454607,0.877367591,0.877380046,39.07875273,81.4448083,1000,3,11,"n"
1421,350.2814919,1632.508093,143.902,0.825870078,0.370827636,0.939814815,41.75512067,44.96074495,1000,3,12,"n"
1292,353.0735294,97.98219814,131.778,0.891912674,0.368630337,0.965620329,39.58729257,42.58639366,1000,3,13,"n"
1457,370.2354152,1266.509266,145.49,0.828795058,0.349083401,0.950424005,42.23209517,45.06719777,1000,3,14,"n"
2093,421.4988055,409.4486383,208.088,0.589480671,0.394305721,0.941520468,49.5711768,53.94155832,1000,3,15,"n"
1454,432.2764787,758.7269601,156.73,0.714877565,0.34851517,0.916194077,42.85801591,45.72481846,1000,3,16,"n"
1337,471.7591623,682.2857143,302.767,0.179538635,0.526221624,0.797732697,39.71128983,46.70007461,1000,3,17,"n"
1227,529.0130399,423.1524042,129.876,0.871437529,0.406000034,0.966141732,38.09477011,41.68496888,1000,3,18,"n"
1272,536.7358491,856.2484277,207.592,0.359939437,0.430223308,0.888268156,38.95587727,43.15376812,1000,3,19,"n"
1609,549.0497203,732.5599751,199.661,0.491607956,0.496882416,0.898380793,42.765184,49.27898493,1000,3,20,"n"
1111,556.0846085,227.4392439,120.15,0.918453128,0.341851739,0.971153846,36.51658997,38.85760947,1000,3,21,"n"
1082,605.668207,1248.876155,146.07,0.610705727,0.401659104,0.917726887,36.14999221,39.47413875,1000,3,22,"n"
1410,609.5744681,1844.295745,136.318,0.91102898,0.410808669,0.971743625,40.48920586,44.40961671,1000,3,23,"n"
1141,614.2366345,1450.192813,122.573,0.907244039,0.38651745,0.973549488,36.66063293,39.74991292,1000,3,24,"n"
1282,642.4360374,1262.425117,142.083,0.76386666,0.595084948,0.93508388,36.63855591,45.58946325,1000,3,25,"n"
1465,650.0600683,1369.123549,144.572,0.843735974,0.312540757,0.944551902,42.60433385,44.85118299,1000,3,26,"n"
1979,662.0656897,295.7786761,712.678,0.048534269,0.544677573,0.518198481,70.40813879,83.95458562,1000,3,27,"y"
1274,663.2401884,1685.682104,129.156,0.914693112,0.327253377,0.977743668,39.18654381,41.4700232,1000,3,28,"n"
1265,667.5636364,894.9209486,168.258,0.541104093,0.487418926,0.882147838,38.95337757,44.61153693,1000,3,29,"n"
2015,689.1573201,191.1424318,494.606,0.10220369,0.589421781,0.76674277,47.05509943,58.2490923,1000,3,30,"n"
1513,697.9391937,70.41374752,145.523,0.860267868,0.267883541,0.952171177,43.67835703,45.33530341,1000,3,31,"n"
1212,747.470297,381.6163366,130.818,0.848720803,0.27828298,0.943190661,39.06310074,40.66958463,1000,3,32,"n"
1098,778.5619308,337.9098361,147.169,0.610707185,0.476713923,0.886198547,36.1498056,41.1233221,1000,3,33,"n"
1335,798.2344569,1800.701873,139.535,0.824110925,0.506775942,0.93947924,38.81051805,45.01973923,1000,3,34,"n"
1313,855.6473724,506.8857578,163.172,0.596511883,0.360128438,0.918824353,40.02035268,42.89874099,1000,3,35,"n"
1174,858.9327087,1397.701874,132.729,0.79914764,0.39472959,0.961506962,37.12928226,40.41074204,1000,3,36,"n"
1379,882.5395214,114.9456128,141.9,0.823737828,0.376970314,0.940654843,40.97686341,44.24070644,1000,3,37,"n"
1585,900.6088328,1050.065615,216.473,0.412968325,0.314193631,0.888951206,44.53178698,46.90721913,1000,3,38,"n"
1072,964.4916045,1154.73041,126.94,0.796109778,0.241277601,0.95035461,36.70988896,37.82745809,1000,3,39,"n"
1867,1002.208356,1385.758972,168.886,0.792789625,0.457287167,0.932567433,46.95362005,52.79726984,1000,3,40,"n"
1227,1037.0652,1103.368378,239.011,0.262951819,0.516373658,0.845623708,37.90569448,44.26356288,1000,3,41,"n"
1293,1055.579273,1253.698376,138.27,0.812528049,0.416383458,0.9486427,39.25540721,43.17628457,1000,3,42,"n"
1569,1067.671128,1682.808795,150.949,0.830387029,0.37109428,0.963759214,43.2701678,46.59744963,1000,3,43,"n"
1136,1063.265845,1844.677817,135.235,0.745526234,0.542553564,0.934210526,35.4724891,42.22808754,1000,3,44,"n"
1234,1079.401945,1305.802269,160.675,0.577842189,0.511716408,0.89941691,37.96141029,44.18461849,1000,3,45,"n"
1622,1147.953144,698.2262639,192.177,0.534285688,0.530607794,0.900110988,42.49358933,50.13297981,1000,3,46,"n"
1269,1213.386919,809.4200158,139.858,0.779833496,0.35425875,0.947014925,39.54658764,42.289147,1000,3,47,"n"
1415,1229.102473,381.1045936,146.913,0.789710149,0.360646055,0.933993399,41.73341134,44.74459978,1000,3,48,"n"
1307,1275.372609,1137.264728,138.452,0.819215667,0.706693693,0.942321557,34.60147186,48.90531726,1000,3,49,"n"
1283,1279.115355,1188.605612,133.614,0.862077536,0.307342375,0.964661654,39.48959288,41.49814439,1000,3,50,"n"
1327,1301.927656,39.28711379,139.312,0.821739141,0.368562279,0.941134752,40.52617349,43.59513786,1000,3,51,"n"
1200,1308.658333,479.43,134.341,0.797803033,0.339126126,0.923787529,38.6235331,41.05650391,1000,3,52,"n"
1400,1371.362143,1042.301429,145.854,0.792485009,0.282823285,0.945307225,41.87175109,43.65405749,1000,3,53,"n"
1135,1391.977093,1759.054626,122.052,0.910000269,0.354463836,0.973413379,36.80818966,39.36411233,1000,3,54,"n"
1144,1399.801573,957.6416084,125.799,0.864682291,0.40962683,0.964586847,36.50051299,40.01138487,1000,3,55,"n"
1074,1425.353818,1256.485102,123.326,0.843831322,0.632877323,0.95212766,32.77839898,42.33556426,1000,3,56,"n"
1308,1430.996942,1773.950306,139.378,0.809223457,0.263504419,0.938980617,40.87458289,42.37208927,1000,3,57,"n"
1345,1467.017844,1416.884758,137.377,0.855981868,0.302212112,0.963467049,40.45458923,42.43900734,1000,3,58,"n"
1633,1499.522352,321.715248,151.933,0.853325553,0.333995638,0.947765525,44.94356542,47.68170549,1000,3,59,"n"
2841,1527.735304,506.2763112,623.664,0.090868921,0.553073283,0.750396197,59.88297328,71.87688092,1000,3,60,"y"
1392,1514.08477,938.9691092,135.078,0.915608639,0.276892814,0.97547302,41.46171596,43.14879899,1000,3,61,"n"
1042,1555.526871,1009.539347,116.131,0.920441653,0.359237953,0.972014925,35.22890588,37.74878858,1000,3,62,"n"
1613,1564.368878,787.4395536,149.774,0.86684348,0.201182343,0.960119048,45.25143812,46.19596974,1000,3,63,"n"
1085,1590.647005,1441.860829,118.504,0.921397108,0.384535304,0.967885816,35.75608313,38.73435674,1000,3,64,"n"
1184,1594.669764,724.5067568,131.704,0.818253843,0.32958286,0.93968254,38.33501362,40.60367692,1000,3,65,"n"
1400,1612.462857,1639.943571,136.492,0.902314789,0.389721592,0.967519005,40.82091579,44.32562201,1000,3,66,"n"
1205,1634.66722,1316.581743,135.342,0.789587505,0.300065062,0.936285936,38.94013327,40.82122693,1000,3,67,"n"
2369,1665.890249,1039.24694,251.473,0.459206835,0.85634383,0.859891107,41.55079035,80.46146533,1000,3,68,"n"
1357,1661.246868,1392.574797,139.717,0.835558722,0.453441424,0.943671766,39.83860421,44.69788672,1000,3,69,"n"
1294,1687.569552,669.0958269,143.745,0.753667568,0.338530515,0.899860918,40.73403384,43.29007862,1000,3,70,"n"
1097,1688.523245,180.9535096,129.669,0.781539733,0.700863436,0.92652027,31.7970186,44.57762512,1000,3,71,"n"
1618,1695.238566,594.8448702,158.508,0.778106695,0.300829707,0.933102653,45.02266885,47.2095139,1000,3,72,"n"
2020,1782.320792,1095.989604,211.469,0.551136185,0.863896482,0.870689655,37.84173619,75.13209247,1000,3,73,"n"
1157,1828.633535,1351.028522,126.063,0.870938162,0.433806792,0.956198347,36.53549637,40.54967406,1000,3,74,"n"
1506,39.39309429,1837.873174,150.444,0.80229462,0.297090707,0.941838649,43.70167165,45.76813683,1000,4,1,"n"
1330,53.03233083,1549.51203,139.238,0.824453209,0.271672637,0.950679056,40.65417399,42.24294278,1000,4,2,"n"
3258,77.86985881,1227.838858,580.483,0.120197041,0.914497137,0.576229218,52.74627873,130.3689409,1000,4,3,"y"
1043,146.3604986,602.8092042,123.657,0.81520213,0.19904861,0.957759412,36.29915289,37.04034434,1000,4,4,"n"
1494,164.5555556,1437.127175,150.188,0.798561738,0.446710629,0.934918648,41.98378592,46.92611483,1000,4,5,"n"
1098,229.1812386,1161.180328,120.34,0.904914942,0.3737389,0.965699208,36.04642398,38.86264632,1000,4,6,"n"
1171,237.7446627,1643.938514,136.907,0.750255627,0.402164653,0.940562249,37.39250829,40.84080527,1000,4,7,"n"
1304,251.1242331,1118.972393,137.964,0.822998419,0.61043451,0.948363636,36.68450637,46.31491877,1000,4,8,"n"
1373,295.8841952,1265.345229,160.244,0.646327874,0.580687808,0.920858484,38.91475256,47.79940345,1000,4,9,"n"
2319,317.1867184,1744.280293,242.105,0.484512123,0.394307213,0.931325301,52.30385775,56.91520234,1000,4,10,"n"
1380,323.25,193.0586957,140.792,0.837075477,0.407145632,0.938137322,40.80628359,44.67694906,1000,4,11,"n"
1386,326.9206349,1814.735931,147.987,0.76257018,0.355463675,0.92338441,41.6292851,44.53806163,1000,4,12,"n"
1682,352.6242568,955.0725327,153.661,0.85966526,0.305239647,0.967779056,45.19840104,47.4635731,1000,4,13,"n"
1011,377.0059347,1697.823937,126.27,0.758603174,0.404308751,0.938718663,34.86568734,38.12030089,1000,4,14,"n"
1205,412.7767635,1814.556017,123.731,0.940721958,0.292911737,0.973344103,38.33284626,40.09127002,1000,4,15,"n"
1509,512.0530152,1504.09609,144.696,0.867619571,0.26043279,0.970418006,43.10660752,44.64729739,1000,4,16,"n"
1527,513.232482,252.3614931,154.563,0.771543149,0.350341352,0.943757726,43.55058615,46.49750061,1000,4,17,"n"
1352,524.0569527,898.6723373,135.814,0.879902383,0.290727072,0.957507082,41.18501985,43.0442731,1000,4,18,"n"
1079,529.5134384,293.9703429,119.249,0.905180591,0.452677017,0.968581688,35.05075076,39.30890528,1000,4,19,"n"
1227,546.9641402,208.9527302,128.213,0.893642681,0.318318302,0.957098284,38.91597888,41.05130818,1000,4,20,"n"
1182,598.6565144,1000.596447,123.938,0.919762529,0.374444403,0.976052849,37.39166558,40.32536111,1000,4,21,"n"
1158,629.0880829,411.3721934,125.435,0.880226822,0.396286735,0.965804837,36.84260622,40.12801518,1000,4,22,"n"
1402,665.6583452,1756.496434,142.124,0.834895955,0.231920155,0.963573883,41.99088514,43.16786448,1000,4,23,"n"
1070,669.6429907,846.5560748,119.133,0.899334372,0.288414805,0.973612375,36.14834969,37.75262635,1000,4,24,"n"
1324,683.6555891,161.8542296,140.281,0.808840169,0.345329165,0.947745168,40.23696036,42.87453171,1000,4,25,"n"
1346,717.7109955,290.7830609,143.894,0.782366004,0.463980522,0.945888967,39.33379998,44.40255591,1000,4,26,"n"
1347,751.8893838,1486.377134,138.319,0.845875631,0.527182444,0.962830593,38.38431907,45.17119525,1000,4,27,"n"
2789,838.7891717,1601.161707,537.96,0.11970182,0.701728961,0.815497076,51.19262815,71.85494937,1000,4,28,"y"
1572,855.6399491,1300.620229,149.567,0.847101511,0.245056221,0.950998185,44.75036538,46.15776788,1000,4,29,"n"
1103,877.9709882,1354.180417,119.033,0.92858909,0.415576654,0.969244288,35.76931022,39.32602865,1000,4,30,"n"
2681,939.2860873,1001.44834,240.531,0.567405197,0.860321725,0.864002578,43.842968,86.00852236,1000,4,31,"n"
1195,924.125523,530.9748954,130.695,0.838355131,0.268668093,0.944664032,38.82582049,40.30782578,1000,4,32,"n"
1601,952.0293567,1589.780762,155.878,0.795609431,0.759578479,0.96678744,36.46567027,56.06517855,1000,4,33,"n"
1197,1035.609858,295.1620718,139.511,0.739170585,0.539390407,0.93151751,36.2888531,43.09554382,1000,4,34,"n"
1156,1095.199827,1411.531142,120.232,0.954384275,0.326994112,0.978831499,37.33052936,39.50210314,1000,4,35,"n"
1349,1124.790956,579.7294292,134.805,0.890840306,0.256902441,0.97400722,40.79120527,42.20781163,1000,4,36,"n"
1542,1137.178988,1789.171206,147.334,0.855779961,0.253304304,0.94369645,44.33004893,45.82454074,1000,4,37,"n"
1334,1137.617691,1368.961769,143.043,0.784444983,0.269172098,0.94811656,41.07537144,42.64947422,1000,4,38,"n"
1288,1174.916149,1017.579193,129.611,0.918416556,0.375356119,0.971342383,39.01637156,42.0942767,1000,4,39,"n"
1470,1195.497959,1693.241497,148.269,0.805776653,0.307156292,0.941101152,42.9793879,45.16258881,1000,4,40,"n"
1528,1197.366492,1811.350131,153.066,0.786917021,0.345524356,0.92382104,43.686264,46.55350447,1000,4,41,"n"
1907,1234.995281,525.7011012,644.901,0.05706285,0.585461956,0.482662617,70.20483792,86.59781444,1000,4,42,"y"
1496,1228.417112,1657.725267,146.482,0.839733155,0.468167668,0.941472624,41.71336357,47.20630574,1000,4,43,"n"
1097,1257.295351,266.7721057,137.369,0.698229768,0.77223114,0.914166667,30.25010701,47.61234368,1000,4,44,"n"
1290,1259.734884,725.9937984,132.927,0.875555718,0.349374009,0.965568862,39.27566774,41.91714577,1000,4,45,"n"
2045,1286.309535,804.0938875,680.821,0.054933653,0.560431968,0.539293249,68.91532563,83.21092364,1000,4,46,"y"
1104,1305.679348,450.7110507,124.459,0.852066625,0.175485516,0.972687225,37.25436798,37.84159334,1000,4,47,"n"
1777,1317.704558,1540.211593,154.157,0.902500846,0.295827383,0.963665944,46.83687369,49.03145214,1000,4,48,"n"
1259,1352.023828,1292.731533,133.027,0.853260608,0.273785817,0.969207082,39.30420944,40.86565815,1000,4,49,"n"
1318,1359.7739,719.3088012,144.928,0.755428753,0.411803205,0.912742382,40.21081927,44.12599516,1000,4,50,"n"
1186,1410.602867,1491.096121,193.764,0.384395637,0.411861183,0.866959064,39.52909323,43.37913934,1000,4,51,"n"
1359,1432.415011,1160.816777,140.611,0.826414538,0.425955651,0.94375,40.08766889,44.30829824,1000,4,52,"n"
1327,1450.828937,523.0075358,142.298,0.788343494,0.292070532,0.93516561,40.85216065,42.71465716,1000,4,53,"n"
1446,1501.863762,1256.466113,144.249,0.836447383,0.407949723,0.940793754,41.76083416,45.74001443,1000,4,54,"n"
1517,1566.74621,905.8286091,156.638,0.746711475,0.400398051,0.951693852,42.14968463,45.99780022,1000,4,55,"n"
1150,1573.062609,751.1669565,124.236,0.890679857,0.400454108,0.974576271,36.69551898,40.04675931,1000,4,56,"n"
1405,1641.654093,324.566548,141.942,0.838782934,0.332243028,0.941058272,41.6999756,44.21146003,1000,4,57,"n"
1491,1648.054326,527.8665325,138.882,0.928894772,0.384219834,0.978346457,42.10557403,45.60623391,1000,4,58,"n"
1287,1658.3885,66.43278943,129.843,0.914504309,0.421826252,0.970588235,38.57916761,42.55008229,1000,4,59,"n"
1454,1681.195323,687.0440165,136.831,0.932584637,0.207380785,0.97518444,42.58725,43.53365878,1000,4,60,"n"
1647,1710.075288,1254.876746,155.762,0.81966432,0.482588695,0.932616082,43.70728425,49.90287001,1000,4,61,"n"
2754,1752.632534,1792.948076,323.542,0.324279246,0.832765996,0.815516731,47.32272627,85.47792139,1000,4,62,"y"
1213,1757.596043,904.3841715,130.306,0.85595154,0.388772059,0.965764331,37.75781181,40.98167765,1000,4,63,"n"
1415,1774.151943,1487.75689,144.465,0.816121452,0.409732913,0.935228024,41.32356069,45.30071246,1000,4,64,"n"
1358,1775.793814,250.1266568,137.17,0.866807231,0.199915098,0.959039548,41.56069594,42.41695757,1000,4,65,"n"
1163,1781.296647,706.2828891,128.668,0.841192793,0.703267068,0.943227899,32.82687532,46.17482911,1000,4,66,"n"
1339,1810.966393,1232.427184,140.536,0.815102745,0.442640348,0.93767507,39.69248258,44.26510129,1000,4,67,"n"
1165,1844.903863,938.4626609,128.693,0.842319832,0.42344772,0.947154472,37.19939294,41.06253388,1000,4,68,"n"
2218,96.17628494,780.8597836,527.141,0.099118943,0.484386177,0.771210014,50.61807175,57.85885975,1000,2,1,"y"
1288,97.61413043,915.7104037,159.104,0.614865196,0.548560624,0.942898975,37.12015584,44.3962171,1000,2,2,"n"
1428,145.7191877,325.4768908,163.983,0.642476649,0.378396238,0.931506849,41.3853606,44.70981647,1000,2,3,"n"
1375,217.3323636,1234.529455,164.413,0.615460081,0.175011537,0.917890521,42.45557105,43.12108538,1000,2,4,"n"
1238,240.0387722,560.0702746,154.952,0.622446417,0.616886842,0.930127724,35.8277453,45.52145454,1000,2,5,"n"
1332,273.2072072,415.7695195,157.565,0.648106986,0.442721416,0.949394155,39.08718849,43.5920223,1000,2,6,"n"
1219,307.6759639,99.12305168,139.486,0.753019921,0.384600444,0.947900467,37.92700348,41.08731003,1000,2,7,"n"
2452,328.6109299,1084.784666,288.947,0.361161242,0.889153161,0.846100759,39.89408342,87.17927434,1000,2,8,"n"
1348,329.1995549,1357.315282,158.912,0.645033736,0.374179979,0.932226833,40.20792494,43.35758914,1000,2,9,"n"
1278,364.4749609,1009.021127,156.159,0.632857505,0.331905656,0.943173432,39.31928597,41.6821386,1000,2,10,"n"
1518,440.0355731,1471.899209,182.657,0.552582078,0.496755311,0.930147059,41.10690176,47.36414925,1000,2,11,"n"
1511,447.712773,1397.545334,157.151,0.739005076,0.351359234,0.937926754,43.09278964,46.02746778,1000,2,12,"n"
1077,530.7056639,84.81151346,150.702,0.571829743,0.614961771,0.929249353,33.15170795,42.04098269,1000,2,13,"n"
1207,534.2651201,1706.544325,134.391,0.801873523,0.340678163,0.94370602,38.56662797,41.02047365,1000,2,14,"n"
1504,541.7659574,1032.474069,157.838,0.729316522,0.34327457,0.949494949,42.77460613,45.54195879,1000,2,15,"n"
1710,602.5649123,1098.023392,868.764,0.028266175,0.61305365,0.611587983,45.11054895,57.09897718,1000,2,16,"y"
1479,606.8289385,226.9729547,164.529,0.661095558,0.239613937,0.942638623,42.98598088,44.27581274,1000,2,17,"n"
1474,660.6573948,653.0529172,165.884,0.648339397,0.354480528,0.927627439,42.91766521,45.89813416,1000,2,18,"n"
1485,666.6491582,439.8013468,172.559,0.604491036,0.378785606,0.928705441,42.5658352,45.99303128,1000,2,19,"n"
1138,685.2196837,1864.834798,150.75,0.603840638,0.527301554,0.920711974,35.68282667,41.99569436,1000,2,20,"n"
1320,692.9893939,959.7113636,168.68,0.561860258,0.325459468,0.926315789,40.53444206,42.86836781,1000,2,21,"n"
1549,715.0710136,122.3014848,169.573,0.652534107,0.211307864,0.924776119,44.69036851,45.7228099,1000,2,22,"n"
1303,719.1504221,576.6362241,146.706,0.729213565,0.344491668,0.948326055,39.5408965,42.11902856,1000,2,23,"n"
1226,795.3295269,1797.087276,180.796,0.455364676,0.462864366,0.884559885,38.47673822,43.40644672,1000,2,24,"n"
1344,800.093006,578.1294643,144.093,0.779093201,0.2548979,0.954545455,40.73317591,42.12463811,1000,2,25,"n"
1364,871.4963343,739.6414956,167.109,0.591353225,0.320509211,0.914209115,41.19969363,43.49421352,1000,2,26,"n"
2042,920.1415279,840.2987267,584.348,0.074347308,0.253958329,0.711994421,52.83301662,54.62385079,1000,2,27,"y"
1303,937.5364543,595.923254,151.693,0.682996201,0.329528852,0.941473988,39.65976481,42.00598803,1000,2,28,"n"
1178,959.4651952,1329.67657,137.972,0.74339127,0.469030254,0.960848287,36.63083212,41.47596757,1000,2,29,"n"
1220,970.9540984,305.647541,144.002,0.708087591,0.46152007,0.947204969,37.19404431,41.92627243,1000,2,30,"n"
1144,1005.222902,1359.838287,133.424,0.770820579,0.377022978,0.95572264,36.85341201,39.7897394,1000,2,31,"n"
1510,1056.118543,224.6741722,175.71,0.593200062,0.323327487,0.9384711,43.18982563,45.64135364,1000,2,32,"n"
1257,1095.228321,1881.020684,140.52,0.765356523,0.544415136,0.955893536,36.72613842,43.78331076,1000,2,33,"n"
1091,1135.243813,1741.442713,130.397,0.768813542,0.257204951,0.948695652,37.20460553,38.49986111,1000,2,34,"n"
1066,1147.052533,1806.337711,131.555,0.738335668,0.457430579,0.91580756,35.51838809,39.94216973,1000,2,35,"n"
1451,1178.570641,627.8938663,164.364,0.649858274,0.315885157,0.937944409,42.61144371,44.91100234,1000,2,36,"n"
1108,1175.316787,573.7319495,142.19,0.659218761,0.408740024,0.95025729,35.96866311,39.41119729,1000,2,37,"n"
1517,1191.783125,1107.481872,165.116,0.673358122,0.302357423,0.926129426,43.86182012,46.01559752,1000,2,38,"n"
1434,1207.267085,148.5690377,158.251,0.691817938,0.178830903,0.931773879,43.3282487,44.03815145,1000,2,39,"n"
2832,1287.035311,1089.91596,596.836,0.098862833,0.710207517,0.814495255,51.18319515,72.70418829,1000,2,40,"y"
1189,1273.334735,1585.398654,141.488,0.714294642,0.126099186,0.920991479,39.94262573,40.26402775,1000,2,41,"n"
1177,1316.432455,1576.08836,138.659,0.735580546,0.308206997,0.935612083,38.39123182,40.3557786,1000,2,42,"n"
1449,1339.721877,1792.416839,145.59,0.823136372,0.273469369,0.953917051,42.34335386,44.02141901,1000,2,43,"n"
1581,1355.716635,256.1606578,167.2,0.684699999,0.414715126,0.920792079,43.97884915,48.3309923,1000,2,44,"n"
1281,1381.992194,949.3052303,145.598,0.727621994,0.453451858,0.947485207,38.29843114,42.97010817,1000,2,45,"n"
1305,1386.318774,1644.288123,142.587,0.772201843,0.41030719,0.951166181,39.1878516,42.97161524,1000,2,46,"n"
1304,1401.967791,661.9539877,163.18,0.592366085,0.371730985,0.920254058,40.04291734,43.13386904,1000,2,47,"n"
2883,1429.196323,560.7173084,341.671,0.304711097,0.518068835,0.908603845,56.22510855,65.73430331,1000,2,48,"n"
1181,1510.174428,28.3827265,170.145,0.494230835,0.399675895,0.907066052,37.61292201,41.03273267,1000,2,49,"n"
1344,1642.352679,1715.578125,143.29,0.787661396,0.453812457,0.930747922,39.97751254,44.86324464,1000,2,50,"n"
1246,1656.077047,1222.731942,484.383,0.065877157,0.496187176,0.690304709,38.99548205,44.91451563,1000,2,51,"y"
1625,1708.196923,745.0147692,177.902,0.623012716,0.26966734,0.933371626,45.12449558,46.86051151,1000,2,52,"n"
1451,1713.245348,1206.668504,159.26,0.691347996,0.38244727,0.916614024,42.47643503,45.97129623,1000,2,53,"n"
1181,1753.916173,555.1600339,155.837,0.587195158,0.485726045,0.898098859,37.3794428,42.7628055,1000,2,54,"n"
1194,1771.303183,1273.096315,127.643,0.877204847,0.32576869,0.969943136,37.95541361,40.14536318,1000,2,55,"n"
1822,1783.760703,74.30570801,177.239,0.703685525,0.697215577,0.941602067,41.63276801,58.07644412,1000,2,56,"n"
1081,1812.510638,169.4190564,135.748,0.704200209,0.489885158,0.943280977,34.7238144,39.83061842,1000,2,57,"n"
1071,1843.360411,232.4537815,137.609,0.679358276,0.580109325,0.940298507,33.90512641,41.62494619,1000,2,58,"n"
1349,1855.106004,956.4084507,162.461,0.618141,0.551158801,0.921448087,38.39404326,46.01393368,1000,2,59,"n"
1475,1888.271186,492.2433898,173.51,0.59397309,0.472914039,0.926507538,41.73770448,47.36953641,1000,2,60,"n"
1406,40.95092461,1881.56899,140.594,0.855197725,0.389428536,0.953220339,41.07014537,44.59024735,1000,7,1,"n"
1161,40.46167097,698.4246339,135.847,0.755237888,0.348579581,0.93253012,37.8799548,40.41480415,1000,7,2,"n"
1001,128.1848152,1731.226773,125.418,0.761088161,0.704461961,0.927710843,30.396028,42.8268848,1000,7,3,"n"
1381,146.2910934,42.89645185,138.526,0.864694137,0.268472856,0.956371191,41.78637447,43.37893445,1000,7,4,"n"
1343,146.2092331,1839.662695,131.885,0.925650968,0.376355987,0.977438137,39.83031827,42.99124377,1000,7,5,"n"
1253,149.0007981,1464.236233,123.408,0.983194481,0.373763238,0.980438185,38.4884332,41.49588273,1000,7,6,"n"
1166,159.1466552,93.49914237,135.847,0.758490419,0.190370862,0.960461285,38.25959823,38.97231431,1000,7,7,"n"
1642,166.2831912,611.3891596,152.585,0.850858721,0.378246503,0.946397695,44.76273577,48.35529683,1000,7,8,"n"
1440,192.2180556,920.5840278,137.939,0.909154736,0.286972488,0.96969697,41.93777193,43.77917553,1000,7,9,"n"
1182,214.2394247,1532.94247,123.896,0.920370796,0.258060643,0.97044335,38.16648503,39.50455485,1000,7,10,"n"
1357,222.9638909,1811.77745,136.087,0.879696462,0.199610604,0.960368011,41.44053281,42.29163929,1000,7,11,"n"
1319,232.6853677,60.98862775,130.413,0.929259491,0.156369256,0.970566593,40.77841525,41.2862917,1000,7,12,"n"
1025,232.3209756,332.8292683,122.276,0.818873484,0.294205667,0.959737828,35.59532609,37.24365061,1000,7,13,"n"
1556,244.4170951,1618.264139,151.709,0.815443195,0.482915558,0.944174757,42.34962788,48.36271266,1000,7,14,"n"
1018,247.3939096,679.0343811,115.329,0.911457704,0.527289498,0.970448046,33.22845945,39.10676563,1000,7,15,"n"
1543,256.8120544,512.1672067,151.188,0.814099279,0.334173553,0.948371235,43.8433471,46.51756971,1000,7,16,"n"
1149,326.4177546,409.1087903,121.771,0.925374329,0.446611646,0.967171717,36.22641451,40.48874971,1000,7,17,"n"
1116,337.8888889,260.9722222,150.262,0.595940632,0.585534804,0.919275124,34.99567297,43.17003749,1000,7,18,"n"
1495,367.2327759,201.0889632,143.505,0.873588893,0.190781356,0.959563543,43.5607291,44.37579912,1000,7,19,"n"
2032,393.9734252,712.3735236,343.48,0.212531027,0.850234177,0.71048951,45.68776778,86.79210691,1000,7,20,"y"
1209,403.866005,123.2704715,125.682,0.915472602,0.420493125,0.971084337,37.42830472,41.25259681,1000,7,21,"n"
1491,440.2199866,1147.37827,142.686,0.881065295,0.320673363,0.96007727,42.83010871,45.21808286,1000,7,22,"n"
1506,459.2828685,852.8200531,151.271,0.793723805,0.410145088,0.934823091,42.80655518,46.9359681,1000,7,23,"n"
1590,456.4308176,111.7830189,157.349,0.775725069,0.307212044,0.943060498,44.63703205,46.90532242,1000,7,24,"n"
1535,516.8416938,1034.256678,151.825,0.803233986,0.408127378,0.94345421,42.77904263,46.85931807,1000,7,25,"n"
1317,518.1040243,106.9422931,132.522,0.899226322,0.20388007,0.962719298,40.96186371,41.84069095,1000,7,26,"n"
1623,531.3327172,694.3770795,153.628,0.829859794,0.402930298,0.944703143,44.23280412,48.32967872,1000,7,27,"n"
1319,533.1842305,333.3699773,139.08,0.819452122,0.443196226,0.94416607,39.44188963,43.99911448,1000,7,28,"n"
1150,583.2556522,576.9217391,147.822,0.634108039,0.783644842,0.889404486,31.06858785,50.01309098,1000,7,29,"n"
1306,584.5459418,255.0206738,140.362,0.796943427,0.55511041,0.953981008,37.51501413,45.10226769,1000,7,30,"n"
2657,637.9619872,1419.404968,251.828,0.513599554,0.86333484,0.862662338,43.70962987,86.61692651,1000,7,31,"n"
1523,632.5298752,1682.508207,146.276,0.857247638,0.1935526,0.960883281,43.87695508,44.72266517,1000,7,32,"n"
1374,675.4992722,1498.815866,136.343,0.887450462,0.144274206,0.966244726,41.81893833,42.26108447,1000,7,33,"n"
1275,690.865098,724.092549,138.063,0.803567575,0.372662683,0.945144552,39.41463812,42.47418641,1000,7,34,"n"
1161,692.1248923,317.1696813,132.357,0.794643828,0.345146226,0.946210269,37.92718453,40.41045017,1000,7,35,"n"
1423,726.3218552,1355.208011,139.18,0.882822054,0.374421375,0.970668486,41.1456551,44.37343818,1000,7,36,"n"
1501,736.1439041,324.8714191,147.962,0.82611589,0.465083986,0.947003155,41.71278372,47.11889672,1000,7,37,"n"
1109,751.4544635,1862.8945,144.87,0.63613596,0.846383445,0.893634166,28.23061269,53.00786894,1000,7,38,"n"
1695,764.9539823,1691.673156,154.728,0.854638769,0.485680274,0.949579832,44.02146831,50.35994589,1000,7,39,"n"
1356,790.8023599,1199.837758,135.996,0.880198418,0.298336925,0.965811966,41.05230063,43.01099457,1000,7,40,"n"
1251,798.4764189,1590.097522,127.237,0.924814427,0.31300718,0.973540856,38.94626438,41.00682625,1000,7,41,"n"
1764,807.5459184,1545.749433,162.899,0.804044147,0.455566232,0.945337621,45.42910038,51.03235659,1000,7,42,"n"
1534,812.0169492,551.083442,163.089,0.697610995,0.841680269,0.95576324,32.5451832,60.27151127,1000,7,43,"n"
1728,833.2621528,76.94270833,394.078,0.137623399,0.804900631,0.674736431,45.54327031,76.74845336,1000,7,44,"y"
1323,827.9123205,491.7044596,137.021,0.846263215,0.378039178,0.961482558,39.72314742,42.90731664,1000,7,45,"n"
1337,859.499626,1677.878085,138.204,0.840962691,0.276715703,0.948899929,41.08254447,42.75192907,1000,7,46,"n"
1377,900.0559187,1870.291939,137.956,0.869169736,0.389015016,0.958913649,40.63245967,44.10668054,1000,7,47,"n"
1372,905.1669096,1830.455539,145.068,0.784894613,0.769889769,0.932065217,33.87951638,53.08797116,1000,7,48,"n"
1925,930.7579221,725.6348052,213.695,0.514488237,0.871497773,0.863615971,36.56130326,74.55412595,1000,7,49,"n"
1382,951.7670043,76.31403763,141.504,0.830056198,0.188425289,0.952446589,42.28454577,43.05578129,1000,7,50,"n"
1467,1015.931834,126.2856169,143.249,0.860228129,0.342593223,0.949514563,42.47180129,45.20759116,1000,7,51,"n"
1493,1021.051574,779.9068989,146.78,0.834720919,0.340613621,0.947936508,42.97731297,45.71065658,1000,7,52,"n"
1373,1022.232338,270.7152221,142.033,0.818651702,0.542375999,0.94624397,38.78277715,46.16250617,1000,7,53,"n"
1142,1022.549912,1834.895797,131.53,0.791268679,0.617405221,0.942244224,34.29255635,43.59341793,1000,7,54,"n"
2405,1038.489813,1460.461954,220.427,0.604649028,0.833640011,0.878699306,43.22718641,78.26642367,1000,7,55,"n"
1413,1068.73673,258.0771408,141.024,0.854336149,0.15153636,0.952156334,42.80714056,43.30726656,1000,7,56,"n"
1321,1101.419379,1363.00757,136.583,0.850289816,0.363569132,0.953790614,39.95627953,42.89146146,1000,7,57,"n"
1509,1106.738237,898.0960901,138.716,0.942310288,0.470593817,0.977965003,41.2019436,46.69569362,1000,7,58,"n"
1075,1152.630698,919.52,121.522,0.869238695,0.217561956,0.954706927,37.16707734,38.07920714,1000,7,59,"n"
1114,1188.971275,360.2172352,130.016,0.789520089,0.777164601,0.922949461,30.32561282,48.18963841,1000,7,60,"n"
1237,1232.742118,871.1075182,137.41,0.78687912,0.384076268,0.938543247,38.73250764,41.95001642,1000,7,61,"n"
1115,1242.302242,1761.098655,121.225,0.905893742,0.394749987,0.973799127,36.15046222,39.34578982,1000,7,62,"n"
1315,1261.702662,464.9977186,137.046,0.840845997,0.324404493,0.950144509,40.29156855,42.59518177,1000,7,63,"n"
3215,1303.036703,1425.160187,328.287,0.367799298,0.670142205,0.761667851,66.22341356,89.22189889,1000,7,64,"n"
1519,1293.488479,856.2560895,141.777,0.908906946,0.338622925,0.966284987,43.06700801,45.77106349,1000,7,65,"n"
1303,1309.802763,1575.589409,133.109,0.882018064,0.359273768,0.960914454,40.02780707,42.89158326,1000,7,66,"n"
1482,1322.093117,1354.687584,143.381,0.867458842,0.322607283,0.951830443,42.96595517,45.39298626,1000,7,67,"n"
1070,1346.395327,1599.039252,117.735,0.920257198,0.444235581,0.967450271,35.00883844,39.0762889,1000,7,68,"n"
1452,1377.331956,32.45730028,146.896,0.81054346,0.324662841,0.944083225,42.49145108,44.9250493,1000,7,69,"n"
1127,1377.150843,559.4738243,118.661,0.954598428,0.118536768,0.978298611,37.77547557,38.04369643,1000,7,70,"n"
1527,1418.145383,453.7806156,148.376,0.835839282,0.371035878,0.937960688,43.40385393,46.74024097,1000,7,71,"n"
1191,1418.518052,1662.135181,129.702,0.84808699,0.638638152,0.965153971,34.27673847,44.5437535,1000,7,72,"n"
1380,1424.38913,1605.093478,138.361,0.86608428,0.303677116,0.958333333,41.28625376,43.33263738,1000,7,73,"n"
1450,1450.393793,1415.74069,139.287,0.898221612,0.366704843,0.96217651,41.83526148,44.96784109,1000,7,74,"n"
1163,1473.819433,966.5743766,125.253,0.88653546,0.385113444,0.973221757,36.9984083,40.09062896,1000,7,75,"n"
2470,1499.961538,589.7643725,248.671,0.489499134,0.883311305,0.851430541,40.40647397,86.19369649,1000,7,76,"n"
1171,1483.263023,1519.859095,125.071,0.895169743,0.306578808,0.966171617,37.70528403,39.61282875,1000,7,77,"n"
1272,1521.21305,1058.445755,145.135,0.727029077,0.396473779,0.940133038,39.13546766,42.62909016,1000,7,78,"n"
1396,1524.310172,1401.747135,132.778,0.949579114,0.369246382,0.973500697,40.66809857,43.76059227,1000,7,79,"n"
1135,1571.497797,1631.065198,122.408,0.904846914,0.439791869,0.973413379,36.05662376,40.14768388,1000,7,80,"n"
1660,1608.131928,1796.664458,147.284,0.921880205,0.449004493,0.965116279,43.76700957,48.98216525,1000,7,81,"n"
1501,1643.348434,991.7888075,144.282,0.867873795,0.468283636,0.953621347,41.6840349,47.17639579,1000,7,82,"n"
1414,1644.519095,681.9158416,146.318,0.7954478,0.451392235,0.933949802,40.9060316,45.84204433,1000,7,83,"n"
1555,1651.663023,1884.947267,145.167,0.888398118,0.373207822,0.973091364,43.1662231,46.52797299,1000,7,84,"n"
1509,1749.194831,1377.870113,144.497,0.869960052,0.281174779,0.963601533,43.2619366,45.08064414,1000,7,85,"n"
1707,1796.935559,1007.545401,218.615,0.436204664,0.854800329,0.847146402,36.11438621,69.59032108,1000,7,86,"n"
1312,1791.994665,1508.491616,134.837,0.866004756,0.114820499,0.956965718,41.31933832,41.59443327,1000,7,87,"n"
1461,1800.353183,311.6755647,151.18,0.770915338,0.31394862,0.950553025,42.4032079,44.66128357,1000,7,88,"n"
1405,1815.42847,1314.932384,140.668,0.853710211,0.372256288,0.948683322,41.35828812,44.56087951,1000,7,89,"n"
1020,1841.660784,1499.285294,113.939,0.935061577,0.580143705,0.968660969,32.57407606,39.99203269,1000,7,90,"n"
1255,1857.996813,220.3721116,135.921,0.815516863,0.27778179,0.945742276,39.75039977,41.3788995,1000,7,91,"n"
1137,1856.897098,630.9736148,122.35,0.907279434,0.283085948,0.970964987,37.29920744,38.89002147,1000,7,92,"n"
1301,1866.347425,409.3973866,131.091,0.907342395,0.398433731,0.975262369,39.01297913,42.53499945,1000,7,93,"n"
1315,1877.577186,78.00912548,134.672,0.870064618,0.313640545,0.968335788,39.99877,42.12428613,1000,7,94,"n"
1294,1877.362442,1120.996136,135.152,0.850237043,0.172947413,0.95357406,40.80918828,41.43354793,1000,7,95,"n"
