"Area","Centroid_1","Centroid_2","Perimeter","Circularity","Eccentricity","Solidity","MinorAxisLength","MajorAxisLength","Concentration","Time","Enumeration","Aggregation"
1788,26.63143177,448.6991051,230.021,0.413294501,0.822654368,0.734895191,39.13028119,68.82568776,200,2,1,"y"
1036,22.56563707,900.0530888,131.844,0.714487745,0.849154579,0.904013962,27.27570333,51.64440563,200,2,2,"y"
1224,44.89460784,731.4624183,153.182,0.629422447,0.88552264,0.86440678,28.17950744,60.65375867,200,2,3,"y"
2592,81.33101852,232.5501543,319.563,0.312776826,0.764072463,0.655870445,60.61199575,93.95308763,200,2,4,"y"
3000,81.08733333,404.9856667,400.223,0.231705089,0.792118093,0.620860927,62.49824702,102.3943934,200,2,5,"y"
2606,98.02379125,633.995779,263.524,0.460521923,0.953850062,0.8169279,33.40141984,111.2330259,200,2,6,"y"
1176,70.89540816,549.1343537,159.261,0.560313736,0.908614167,0.852791878,26.37336064,63.14907071,200,2,7,"y"
1130,76.22300885,687.3539823,134.044,0.754520945,0.812136037,0.936205468,29.43686725,50.45154278,200,2,8,"y"
1618,91.368356,920.4851669,188.801,0.551881286,0.667976679,0.825931598,43.43676657,58.36845625,200,2,9,"y"
2529,122.7975484,710.3436141,227.722,0.596276638,0.758476722,0.881491809,48.25508253,74.04491758,200,2,10,"y"
1554,124.9433719,992.9208494,203.2,0.458656256,0.932810821,0.786835443,29.55322595,82.00881832,200,2,11,"y"
1437,116.1767571,318.9429367,153.959,0.731662818,0.62460641,0.90037594,39.71897421,50.86048726,200,2,12,"y"
2280,128.5969298,1169.059649,306.728,0.298391734,0.950882923,0.657060519,36.40965731,117.6209633,200,2,13,"y"
1177,122.8317757,137.0628717,156.167,0.582784409,0.905455427,0.845545977,26.76354938,63.0559408,200,2,14,"y"
1565,134.6894569,578.6587859,184.815,0.556684436,0.901641219,0.821953782,31.5680747,72.99233138,200,2,15,"y"
2308,189.6096187,820.5021664,344.341,0.240203628,0.86365615,0.632675439,50.51236374,100.2067605,200,2,16,"y"
2993,200.4263281,384.6702305,371.377,0.268145069,0.926726268,0.668677391,45.300673,120.5647888,200,2,17,"y"
1045,186.9301435,1087.062201,135.07,0.687443819,0.837354855,0.905545927,27.85053448,50.94674734,200,2,18,"y"
1484,226.9420485,34.81266846,173.336,0.598776329,0.888893927,0.872941176,30.72902249,67.07737552,200,2,19,"y"
1288,223.0923913,674.0170807,156.597,0.634316516,0.865399955,0.865591398,30.10271336,60.07545375,200,2,20,"y"
1290,231.0356589,568.2155039,151.618,0.676837509,0.878133333,0.87994543,29.32149491,61.28870308,200,2,21,"y"
1337,240.697831,846.8713538,168.052,0.573279298,0.892798379,0.854313099,29.17091852,64.75856994,200,2,22,"y"
1010,275.1168317,64.84257426,143.216,0.592516874,0.860158984,0.854483926,27.23621626,53.40162301,200,2,23,"y"
1811,289.4953065,432.426836,235.488,0.399649905,0.493211004,0.740998363,53.96351894,62.03347111,200,2,24,"y"
2808,304.210114,1109.97614,329.306,0.319271816,0.830873993,0.728404669,52.27996402,93.95088052,200,2,25,"y"
1007,282.3833168,644.4945382,128.619,0.728900512,0.853522914,0.913793103,26.41585202,50.69682919,200,2,26,"y"
1060,289.2292453,887.4773585,156.449,0.522999356,0.892378673,0.788690476,27.47144182,60.87349815,200,2,27,"y"
4459,344.3404351,58.24893474,494.704,0.226077844,0.899282001,0.644364162,61.25647074,140.056639,200,2,28,"y"
4824,347.6757877,551.2593284,466.344,0.275025286,0.893915545,0.679723827,64.41364929,143.7049489,200,2,29,"y"
1780,309.5949438,936.411236,223.884,0.433990507,0.933068771,0.769896194,32.08223831,89.19214493,200,2,30,"y"
1983,311.4891578,372.318709,228.921,0.462724291,0.689676375,0.816385344,47.89760824,66.14616073,200,2,31,"y"
1201,320.9558701,835.3547044,169.781,0.504718699,0.870376292,0.820355191,29.09188972,59.08336441,200,2,32,"y"
1254,344.5047847,988.7982456,153.438,0.642742596,0.86202142,0.882477129,29.45481559,58.11097144,200,2,33,"y"
1161,347.2609819,1055.660637,148.889,0.631219064,0.896169726,0.859363434,27.07678434,61.02341127,200,2,34,"y"
1909,360.3504453,761.1162913,192.97,0.623748134,0.468962123,0.86615245,49.77604981,56.3575857,200,2,35,"y"
1316,359.0326748,1189.591945,160.303,0.619048448,0.833379021,0.8934148,31.2550131,56.54949305,200,2,36,"y"
1197,380.3634085,1090.71345,146.019,0.676076459,0.862659357,0.895958084,28.36667794,56.08441838,200,2,37,"y"
1721,424.2655433,143.8547356,220.601,0.432009604,0.922740154,0.724936816,33.74585912,87.55546783,200,2,38,"y"
2408,436.2171927,473.6943522,258.753,0.441177427,0.595012872,0.798143852,55.45917751,69.00343624,200,2,39,"y"
1978,438.1425683,73.16026289,241.756,0.414445205,0.837777178,0.783987317,42.01890825,76.95597797,200,2,40,"y"
1007,475.8510427,851.8560079,132.167,0.69117589,0.864472703,0.891150442,26.09993406,51.92159288,200,2,41,"y"
1467,531.7675528,177.0463531,218.161,0.376415045,0.717534968,0.761286975,42.86770603,61.54532988,200,2,42,"y"
2778,544.162347,695.3239741,252.93,0.532377019,0.864214317,0.831985624,45.17989258,89.79874834,200,2,43,"y"
2933,570.8943062,764.5530174,376.686,0.255475293,0.907460189,0.549456725,56.41380653,134.274443,200,2,44,"y"
1212,531.0750825,471.0932343,144.142,0.702107715,0.853430547,0.917486752,28.88308147,55.41580336,200,2,45,"y"
1241,545.5060435,1076.175665,157.912,0.601230233,0.877964525,0.856452726,29.02555437,60.63086769,200,2,46,"y"
1655,547.8567976,840.6870091,228.921,0.386186939,0.854734007,0.714285714,40.43521621,77.89991307,200,2,47,"y"
1931,578.5023304,566.6944588,254.542,0.365442122,0.856083877,0.736741702,41.86565696,81.00361215,200,2,48,"y"
2035,605.8850123,864.5611794,204.929,0.59068082,0.479990966,0.856121161,51.17779272,58.33733352,200,2,49,"y"
2359,606.6078847,1135.936838,302.577,0.31717146,0.818320596,0.742992126,49.13378561,85.48543957,200,2,50,"y"
1245,623.5526104,156.2072289,155.489,0.621735008,0.844757094,0.863384189,29.96534407,55.99429637,200,2,51,"y"
1087,651.3735051,830.0515179,136.451,0.700994582,0.858350043,0.894650206,27.35702049,53.32081891,200,2,52,"y"
1149,656.0809399,1142.70322,146.227,0.647159476,0.868755808,0.894859813,27.68212969,55.89631457,200,2,53,"y"
1444,670.450831,1192.043629,221.8,0.358622493,0.914639731,0.671627907,33.75350917,83.49250852,200,2,54,"y"
1577,660.4736842,1056.710209,247.29,0.315982715,0.935371178,0.677114641,32.89983369,93.02473606,200,2,55,"y"
1010,684.590099,574.8089109,132.051,0.694425155,0.855501031,0.916515426,26.37922992,50.9447153,200,2,56,"y"
1058,692.1531191,935.3412098,139.693,0.651671504,0.858682469,0.884615385,27.06520523,52.80933548,200,2,57,"y"
1676,707.1807876,1024.102625,221.015,0.419160979,0.804697296,0.782446312,40.47731744,68.17975102,200,2,58,"y"
2334,701.2742074,1127.271637,263.971,0.411075875,0.886225331,0.734193142,43.81401511,94.57872976,200,2,59,"y"
1325,699.0807547,134.3154717,172.873,0.537438027,0.747816702,0.821450713,37.29007817,56.16777126,200,2,60,"y"
1937,766.4734125,166.6561693,278.931,0.305926927,0.909075802,0.732048375,36.92577081,88.62948857,200,2,61,"y"
1434,753.8556485,543.2126918,224.067,0.349067578,0.963049029,0.754736842,25.03497093,92.95410905,200,2,62,"y"
1025,795.16,703.7863415,149.013,0.556369864,0.888933573,0.853455454,25.75169297,56.22196776,200,2,63,"y"
1131,808.4270557,1074.206897,144.854,0.648895712,0.85475213,0.928571429,27.54936272,53.07789997,200,2,64,"y"
3416,881.4795082,314.6873536,452.989,0.206323798,0.933772925,0.579474131,53.28390961,148.8934379,200,2,65,"y"
2195,916.3571754,981.4555809,247.687,0.438419948,0.964427499,0.853753403,27.98171394,105.8520105,200,2,66,"y"
1686,943.7615658,193.1625148,192.018,0.556272548,0.903177259,0.83177109,32.11615982,74.81614106,200,2,67,"y"
1028,939.8511673,318.1468872,149.476,0.554617771,0.885314798,0.833738848,26.58164559,57.16579309,200,2,68,"y"
1099,968.9317561,918.4476797,168.557,0.468461695,0.904635986,0.791786744,27.09165532,63.56781559,200,2,69,"y"
1958,983.8370787,137.6230848,208.345,0.550119287,0.880660111,0.825115887,36.82776616,77.73693358,200,2,70,"y"
1234,988.8168558,221.2771475,152.297,0.641811231,0.885586068,0.888408927,27.73768331,59.7183156,200,2,71,"y"
1141,988.2296231,465.6248904,187.172,0.39587301,0.923992758,0.765258216,26.53180581,69.3805289,200,2,72,"y"
2397,1012.463496,371.7288277,288.244,0.354765802,0.837097572,0.711275964,48.76151631,89.13480349,200,2,73,"y"
2076,1001.13343,540.7837187,216.028,0.54309601,0.879238732,0.84631064,36.9671907,77.59998503,200,2,74,"y"
2290,1037.110917,617.3921397,282.853,0.351827435,0.963450961,0.733034571,30.93147105,115.4655861,200,2,75,"y"
1392,1028.339799,323.5050287,159.723,0.659471064,0.485709334,0.888321634,42.0399647,48.09402177,200,2,76,"y"
2679,1076.079507,476.8988429,383.751,0.224906366,0.954166196,0.56975755,41.69929734,139.3333366,200,2,77,"y"
1263,1057.994458,576.3103721,190.515,0.423202907,0.917289208,0.774846626,28.21544492,70.85361284,200,2,78,"y"
2408,1120.501661,396.7475083,277.658,0.383772101,0.782522271,0.732137428,52.99998479,85.12377364,200,2,79,"y"
2121,1133.231023,78.45450259,246.264,0.4284875,0.724637432,0.745780591,51.80198375,75.170084,200,2,80,"y"
2268,1144.054233,443.4611993,247.042,0.455339435,0.846491534,0.76751269,44.12415373,82.87748491,200,2,81,"y"
1845,1209.77019,632.2433604,240.78,0.389677868,0.85594674,0.677312775,43.19479607,83.53858743,200,2,82,"y"
1747,1236.070406,389.907842,231.948,0.397224441,0.95371588,0.7652212,27.90799494,92.80725501,200,2,83,"y"
1200,1245.0425,203.6,162.792,0.547674446,0.821843675,0.836820084,32.25009853,56.60761649,200,2,84,"y"
1177,1249.794393,269.028887,175.249,0.464774648,0.921875724,0.768778576,26.56901913,68.56774522,200,2,85,"y"
1048,1277.215649,86.70324427,131.596,0.725426772,0.856726811,0.932384342,26.43729544,51.25787005,200,2,86,"y"
2347,1295.9902,287.9804005,216.995,0.608609145,0.550929964,0.872166481,52.54697964,62.96433573,200,2,87,"y"
2142,1342.831933,399.8576097,274.796,0.348445409,0.742991507,0.714714715,52.12719404,77.88305429,200,2,88,"y"
1631,1370.40466,80.9558553,168.308,0.697253832,0.543492315,0.910664433,43.43557032,51.74510186,200,2,89,"y"
2604,1428.956989,965.4496928,348.319,0.264909523,0.951616436,0.663270504,38.65969517,125.8091597,200,2,90,"y"
1146,1462.290576,1121.948517,168.896,0.486572733,0.88679249,0.807610994,28.23625674,61.09524816,200,2,91,"y"
1080,1453.592593,147.1611111,133.531,0.726558777,0.846770705,0.917587086,27.84474342,52.34387016,200,2,92,"y"
1522,1471.65046,871.4888305,198.106,0.47224039,0.952295969,0.845555556,25.32530635,82.98590616,200,2,93,"y"
2050,1535.703415,960.8687805,255.569,0.384888826,0.60893937,0.72720823,56.25056567,70.9144938,200,2,94,"y"
2142,1561.547152,118.910831,251.169,0.416198423,0.950625122,0.753429476,32.08693164,103.3923158,200,2,95,"y"
1088,1590.418199,191.5762868,133.92,0.727791889,0.829413826,0.90591174,28.43408738,50.89925214,200,2,96,"y"
1111,1646.708371,656.1962196,162.667,0.507820065,0.869115375,0.764099037,30.57962328,61.82580203,200,2,97,"y"
1303,1665.944743,494.0291635,169.657,0.54837024,0.909252731,0.842820181,27.67750515,66.49338577,200,2,98,"y"
1747,1662.016027,593.1722954,229.6,0.40527962,0.953965412,0.79157227,28.12270978,93.76841994,200,2,99,"y"
1241,1691.638195,1171.940371,183.517,0.447595459,0.90505115,0.755785627,29.32746202,68.95667391,200,2,100,"y"
1661,1795.02047,308.987357,189.116,0.56469312,0.920482513,0.851794872,30.35013192,77.66477377,200,2,101,"y"
1547,1807.484809,968.7278604,228.128,0.363465427,0.867889357,0.690316823,39.12896,78.76872726,200,2,102,"y"
1125,1796.362667,682.9048889,186.486,0.393150944,0.931666947,0.733855186,26.31462082,72.42951519,200,2,103,"y"
1615,1843.30031,639.193808,206.632,0.461190931,0.907713784,0.742870285,33.64144524,80.17696577,200,2,104,"y"
1511,1880.446724,404.8980807,203.068,0.446536125,0.58365738,0.784527518,46.22047383,56.92176309,200,2,105,"y"
1109,31.37150586,706.6032462,136.723,0.712403165,0.867121572,0.892196299,27.43347601,55.07662253,200,4,1,"y"
2001,95.65867066,403.8285857,232.525,0.452752552,0.681345179,0.790596602,48.75779878,66.61244931,200,4,2,"y"
1381,99.02968863,1095.722665,160.111,0.651153484,0.836423802,0.862047441,32.68717851,59.6390784,200,4,3,"y"
1503,91.79374584,316.2062542,180.927,0.557454545,0.902148251,0.83038674,30.80502048,71.40276426,200,4,4,"y"
1076,89.6802974,1015.860595,153.09,0.553967664,0.894901157,0.863563403,26.29159912,58.91484681,200,4,5,"y"
1029,104.5121477,835.202138,126.286,0.771918576,0.842925421,0.911426041,27.31670759,50.77167844,200,4,6,"y"
1177,114.104503,762.6890399,164.602,0.52564731,0.897547865,0.814532872,28.1394281,63.82023365,200,4,7,"y"
1090,144.7458716,101.4100917,159.301,0.519082679,0.912230752,0.82326284,25.97816635,63.41137285,200,4,8,"y"
1030,168.2038835,643.3504854,124.814,0.790548544,0.852194908,0.926258993,26.56689932,50.7753387,200,4,9,"y"
1067,165.705717,407.6822868,136.318,0.689409873,0.856673311,0.875307629,27.78661287,53.86471044,200,4,10,"y"
2185,209.6897025,516.789016,274.952,0.35504168,0.707802574,0.705293738,54.53069155,77.19407733,200,4,11,"y"
1023,229.714565,946.5698925,130.876,0.715750851,0.883341679,0.895013123,25.51424997,54.43276382,200,4,12,"y"
1141,262.4075372,172.283085,169.118,0.483201948,0.901128303,0.814418273,27.32110374,63.01682701,200,4,13,"y"
1024,298.2265625,999.1025391,146.738,0.572828757,0.893571531,0.827140549,26.07561633,58.08511003,200,4,14,"y"
1722,304.0121951,47.17770035,264.374,0.302374254,0.564839979,0.659012629,56.11994519,68.0076514,200,4,15,"y"
1681,332.6549673,688.3408685,189.496,0.569240109,0.853125122,0.845573441,36.23829608,69.46109706,200,4,16,"y"
1020,403.4607843,292.9862745,132.604,0.695598377,0.852035786,0.896309315,26.90955902,51.40478513,200,4,17,"y"
1027,423.3651412,723.6796495,134.92,0.677071525,0.873127993,0.891493056,26.25735112,53.86222369,200,4,18,"y"
1156,426.6089965,943.3598616,163.402,0.523735292,0.700679679,0.858203415,35.25795913,49.41716282,200,4,19,"y"
1786,518.1270997,239.4244121,215.72,0.468545971,0.943877032,0.823800738,29.27032078,88.61816904,200,4,20,"y"
1164,514.9991409,340.3127148,137.112,0.74359225,0.832226493,0.906542056,29.56240684,53.31980082,200,4,21,"y"
1169,542.6646707,397.1685201,141.809,0.699172574,0.87457206,0.870439315,28.09955325,57.94970115,200,4,22,"y"
1115,567.8699552,51.86457399,147.772,0.615216558,0.861396758,0.84469697,28.64312382,56.39157313,200,4,23,"y"
1233,603.3844282,767.5531225,164.032,0.554418341,0.884417704,0.834800271,29.22938527,62.63043608,200,4,24,"y"
1049,692.7225929,1158.594852,130.603,0.736941285,0.863839457,0.911381407,26.63304359,52.86776027,200,4,25,"y"
1526,715.0498034,202.0334207,265.3,0.266112199,0.646730951,0.632145816,46.90518877,61.49740208,200,4,26,"y"
1765,745.7478754,953.0866856,234.172,0.393830499,0.941804433,0.780973451,30.11661141,89.58976755,200,4,27,"y"
1111,773.1134113,98.57605761,139.312,0.687982054,0.880733086,0.885964912,26.82558372,56.64030818,200,4,28,"y"
2225,825.7235955,61.81752809,357.1,0.215452814,0.799997808,0.64028777,55.39839592,92.3302101,200,4,29,"y"
1372,821.9672012,795.1909621,172.847,0.556666311,0.884795174,0.841717791,30.71469925,65.91417959,200,4,30,"y"
1054,890.5559772,1058.024668,132.34,0.721588974,0.860727414,0.892464014,27.03561428,53.10825652,200,4,31,"y"
1012,946.451581,187.3537549,129.958,0.717855321,0.85069391,0.899555556,26.70966771,50.81154802,200,4,32,"y"
1948,1119.544148,515.9322382,268.22,0.332431415,0.849789056,0.74351145,42.94938366,81.47887908,200,4,33,"y"
1415,1165.749823,58.83250883,177.363,0.545745032,0.851596244,0.803977273,34.52737039,65.86700428,200,4,34,"y"
2339,1199.081659,484.2107738,280.642,0.36497702,0.878010454,0.773734701,43.1191012,90.08643262,200,4,35,"y"
1018,1249.056974,992.608055,131.364,0.707093683,0.881358558,0.893766462,25.55772141,54.09637171,200,4,36,"y"
1165,1274.461803,227.0755365,138.476,0.729963886,0.855940282,0.8996139,28.42340179,54.96962512,200,4,37,"y"
1078,1273.071429,144.3766234,126.22,0.809501984,0.829348154,0.93902439,28.05401729,50.21013413,200,4,38,"y"
1440,1295.903472,600.9131944,164.561,0.643417402,0.620498892,0.858676208,41.34069264,52.71653481,200,4,39,"y"
1015,1303.102463,39.23546798,130.62,0.712874441,0.839760056,0.900621118,27.63670941,50.90030066,200,4,40,"y"
1043,1369.550336,933.6308725,158.003,0.50473416,0.896938844,0.811041991,26.7107184,60.41035657,200,4,41,"y"
1212,1383.260726,567.349835,225.479,0.291394796,0.947287587,0.635886674,28.62185382,89.3359502,200,4,42,"y"
1173,1384.664962,517.8235294,150.832,0.621749421,0.894575643,0.847543353,27.39613844,61.30034186,200,4,43,"y"
2510,1472.317131,783.3828685,389.941,0.20413429,0.934076779,0.603946102,41.94254544,117.4623595,200,4,44,"y"
1398,1486.16166,1122.686695,189.388,0.473938567,0.93707912,0.795221843,26.94276761,77.17402166,200,4,45,"y"
1044,1483.636015,1030.59387,129.495,0.745733494,0.80708523,0.912587413,28.97842205,49.07978772,200,4,46,"y"
1112,1509.343525,99.29136691,132.613,0.758238076,0.848103784,0.928213689,27.82015135,52.50768039,200,4,47,"y"
1624,1552.139778,848.2155172,189.735,0.548576044,0.653019636,0.841450777,43.71224213,57.71804702,200,4,48,"y"
1039,1552.366699,262.4388835,155.612,0.518057884,0.896256465,0.833199679,26.28599538,59.26460164,200,4,49,"y"
1004,1580.988048,164.1334661,142.752,0.592749422,0.900991742,0.833887043,25.31792227,58.35824681,200,4,50,"y"
1094,1623.872943,754.8409506,136.715,0.702847816,0.859125037,0.888708367,27.66431284,54.05659423,200,4,51,"y"
1268,1628.01183,396.75,151.783,0.663878175,0.873167538,0.8678987,29.53593537,60.59645347,200,4,52,"y"
1939,1657.650851,927.7055183,245.179,0.395150195,0.735861371,0.793371522,47.21658342,69.73022705,200,4,53,"y"
2081,1659.401249,850.3570399,248.364,0.4134154,0.768361493,0.742683797,48.53748232,75.83790761,200,4,54,"y"
1045,1720.539713,412.6688995,147.789,0.576463215,0.902257893,0.832669323,25.56291119,59.28362682,200,4,55,"y"
1100,1795.362727,749.3390909,135.541,0.718718204,0.857341714,0.904605263,27.51845294,53.46008035,200,4,56,"y"
1684,1817.988124,97.1371734,210.601,0.463201338,0.638355711,0.82792527,45.98608209,59.74224038,200,4,57,"y"
1074,1823.937616,609.5009311,146.217,0.604997695,0.893988332,0.843014129,26.47425212,59.0824119,200,4,58,"y"
1073,1833.603914,543.9012116,138.873,0.668565006,0.875667298,0.899413244,26.48396381,54.8418878,200,4,59,"y"
1016,1877.633858,356.8966535,127.477,0.748330716,0.817574103,0.917795845,27.85679539,48.37732445,200,4,60,"y"
1080,1884.181481,125.7592593,135.888,0.702132569,0.87850238,0.9,26.42914802,55.3214306,200,4,61,"y"
1113,1890.982929,752.7825696,148.277,0.610023573,0.893736753,0.834332834,26.88849116,59.939772,200,4,62,"y"
1105,208.1638009,677.6099548,165.065,0.490779162,0.902848576,0.803636364,27.04149933,62.89325424,500,7,1,"y"
1457,308.0912835,224.05628,172.773,0.591651107,0.848408101,0.855046948,33.32828855,62.9616476,500,7,2,"y"
1115,347.4053812,1100.328251,130.355,0.786220511,0.825222327,0.919966997,28.90664455,51.17959197,500,7,3,"y"
1181,478.0397968,849.3429297,142.711,0.697640131,0.878017717,0.881343284,28.00485418,58.51067307,500,7,4,"y"
1095,523.5278539,480.3634703,135.086,0.720169118,0.850630288,0.907207954,27.71651737,52.71661974,500,7,5,"y"
1122,587.4910873,888.1818182,151.328,0.590903712,0.89668989,0.86440678,26.5614676,60.00431615,500,7,6,"y"
1117,647.6481647,201.2497762,156.605,0.550047038,0.907656899,0.80301941,26.63227445,63.45354607,500,7,7,"y"
1524,755.7854331,62.2683727,208.377,0.428053187,0.95240124,0.779938588,26.73830106,87.71047262,500,7,8,"y"
1107,759.965673,1097.943089,144.117,0.64149931,0.891240606,0.871653543,26.61862981,58.69200076,500,7,9,"y"
1028,772.0496109,376.5437743,150.791,0.545182379,0.871330409,0.834415584,27.35651434,55.75034547,500,7,10,"y"
1061,1031.150801,1073.263902,127.154,0.785354609,0.83707053,0.922608696,27.62323669,50.49075055,500,7,11,"y"
1892,1215.070296,195.9059197,181.672,0.696086445,0.762642474,0.902241297,40.70703694,62.93407772,500,7,12,"y"
1059,1247.011331,999.3408876,141.297,0.637880503,0.901410251,0.865903516,25.40770668,58.68291385,500,7,13,"y"
1162,1384.746127,572.9586919,162.948,0.52933566,0.902181039,0.83297491,27.1689668,62.98478875,500,7,14,"y"
1050,1414.728571,395.5038095,131.985,0.722632536,0.867747188,0.902837489,26.38010663,53.07806035,500,7,15,"y"
1096,1472.586679,200.0337591,137.733,0.693992971,0.863465032,0.911055694,27.13772252,53.80105936,500,7,16,"y"
1818,1487.582508,1088.055006,208.856,0.508325486,0.751542919,0.80513729,44.16877152,66.95441796,500,7,17,"y"
1274,1517.746468,312.5400314,146.978,0.710402592,0.873164787,0.913916786,28.86282235,59.21488401,500,7,18,"y"
1029,1571.923226,1116.380952,136.508,0.663049409,0.882043828,0.891681109,25.69169636,54.52775016,500,7,19,"y"
1144,1616.809441,410.0550699,147.044,0.637351986,0.886795558,0.886134779,26.89403699,58.19180675,500,7,20,"y"
1124,1699.569395,1140.413701,154.148,0.570921239,0.889648738,0.840059791,27.36731659,59.9312068,500,7,21,"y"
1191,1757.155332,524.774979,143.414,0.696813945,0.868032904,0.900226757,28.38913102,57.17774297,500,7,22,"y"
1220,1829.377049,680.4745902,157.713,0.592519659,0.903628094,0.820995962,27.72989926,64.74138924,500,7,23,"y"
1206,129.5257048,968.066335,128.668,0.872294504,0.297252565,0.959427208,38.41745753,40.23617758,7000,1,1,"n"
1068,129.0093633,578.6535581,127.131,0.790815192,0.200630983,0.943462898,36.65411173,37.41487258,7000,1,2,"n"
1143,149.8661417,160.0227472,128.991,0.822689929,0.34132316,0.948547718,37.1010651,39.47148532,7000,1,3,"n"
1052,240.5931559,259.6644487,115.882,0.933167261,0.288136716,0.974074074,35.85285032,37.44073894,7000,1,4,"n"
1130,259.3389381,176.6327434,124.765,0.86796547,0.291297141,0.962521295,37.20733448,38.8940682,7000,1,5,"n"
1631,410.6860822,906.7124464,162.544,0.746610914,0.773494284,0.934135166,36.58070137,57.71617586,7000,1,6,"n"
1343,546.7632167,373.454207,135.235,0.881374765,0.377275306,0.96967509,39.92203998,43.10764532,7000,1,7,"n"
1077,563.0083565,906.4605385,127.04,0.798594668,0.308254313,0.952254642,36.18150078,38.03358467,7000,1,8,"n"
2277,980.6947738,1170.698287,261.249,0.409336902,0.894505082,0.776603001,40.85122945,91.3779634,7000,1,9,"y"
1064,972.8139098,1034.326128,123.087,0.839143069,0.210720398,0.968152866,36.50869623,37.34727803,7000,1,10,"n"
1073,979.2842498,612.110904,127.065,0.795323175,0.260358882,0.950398583,36.47694929,37.779906,7000,1,11,"n"
1172,1144.931741,21.12883959,131.679,0.810261142,0.37369424,0.947453517,37.63513329,40.5746906,7000,1,12,"n"
1213,1184.659522,471.0338005,127.643,0.891163718,0.062170605,0.9704,39.32449065,39.40070987,7000,1,13,"n"
1112,1214.72482,832.6573741,125.907,0.839089151,0.210724588,0.961937716,37.34587469,38.20372125,7000,1,14,"n"
1066,1217.338649,1016.546904,120.497,0.876312412,0.159136605,0.963833635,36.75405005,37.22846832,7000,1,15,"n"
1897,1382.028466,215.8803374,217.251,0.490775876,0.900081799,0.823708207,35.04873017,80.43847639,7000,1,16,"y"
1017,1638.782694,591.4011799,116.519,0.892541705,0.154576403,0.961247637,35.89323731,36.32989217,7000,1,17,"n"
1061,1641.594722,635.1121583,118.802,0.896617634,0.312562782,0.963669391,35.95358606,37.84997967,7000,1,18,"n"
1005,1825.657711,429.3711443,116.809,0.877750589,0.188770261,0.968208092,35.52711315,36.1775391,7000,1,19,"n"
1019,1868.487733,601.0245339,118.678,0.862878727,0.555494368,0.961320755,32.91127959,39.57964664,7000,1,20,"n"
1721,1888.832074,913.3654852,159.806,0.81450703,0.726753417,0.949255378,38.98757906,56.75886946,7000,1,21,"n"
1499,152.2948632,392.6691127,156.936,0.735106745,0.783634575,0.936289819,34.81898549,56.04917713,10000,3,1,"y"
2231,186.6342447,967.2290453,252.095,0.430351735,0.941515775,0.842522659,32.29731548,95.84657416,10000,3,2,"y"
1057,222.1684011,1037.321665,130.844,0.739892539,0.134832595,0.948833034,36.69156091,37.02970161,10000,3,3,"n"
1031,398.0252182,814.4529583,125.791,0.779368947,0.155658009,0.951985226,36.21914721,36.6660697,10000,3,4,"n"
1011,403.4826904,960.3125618,122.631,0.803135814,0.312525007,0.946629213,35.11778387,36.96960886,10000,3,5,"n"
1803,471.9145868,428.2717693,234.488,0.401240297,0.912362552,0.792527473,33.64142178,82.17588029,10000,3,6,"y"
1469,521.4356705,770.4955752,205.791,0.422882071,0.894907914,0.826209224,30.68179444,68.75458962,10000,3,7,"y"
1686,542.4756821,700.396204,177.414,0.649898514,0.835314985,0.908405172,34.79711098,63.29375197,10000,3,8,"y"
1751,587.8783552,1088.630497,235.645,0.385901204,0.914067449,0.797358834,33.04044564,81.46825706,10000,3,9,"y"
2174,617.9379025,575.2976081,248.877,0.430134463,0.916134348,0.806679035,34.86025913,86.96120929,10000,3,10,"y"
1703,653.5061656,824.6605989,172.361,0.694796207,0.816171115,0.914607948,35.96712768,62.24729699,10000,3,11,"y"
1546,694.5536869,976.656533,172.948,0.626544578,0.847444548,0.88646789,33.17255263,62.48551016,10000,3,12,"y"
1423,697.2522839,630.2241743,213.58,0.380724125,0.918585394,0.777170945,29.6477002,75.01520157,10000,3,13,"y"
1920,707.4260417,1114.079688,214.68,0.508521401,0.922798067,0.85106383,31.66401878,82.18358998,10000,3,14,"y"
1588,811.8967254,831.4200252,174.221,0.634360752,0.850086205,0.902272727,33.34912746,63.32390572,10000,3,15,"y"
1854,828.1569579,1074.197411,198.768,0.571486122,0.880840532,0.869198312,34.68676628,73.26955424,10000,3,16,"y"
1613,847.9925604,434.2938624,166.24,0.706499416,0.82805443,0.923825888,34.43417271,61.41855526,10000,3,17,"y"
1279,856.3494918,947.89914,142.182,0.761041179,0.806387827,0.932215743,31.31628469,52.95395522,10000,3,18,"y"
2825,880.4361062,823.5355752,236.432,0.618515268,0.684230444,0.914831606,52.50188805,71.99279536,10000,3,19,"y"
1371,882.487965,880.1334792,165.613,0.604973173,0.836091386,0.889682025,31.51047803,57.43901137,10000,3,20,"y"
1706,934.4771395,309.39449,183.393,0.616126835,0.872150079,0.88900469,33.47683626,68.42642417,10000,3,21,"y"
1742,961.4902411,259.0861079,200.405,0.528360498,0.897489142,0.836293807,32.66781945,74.07054874,10000,3,22,"y"
2456,957.3277687,1112.141694,252.765,0.47127595,0.840795346,0.856047403,43.87635894,81.04942663,10000,3,23,"y"
1415,962.6812721,555.5922261,143.654,0.825163996,0.762243204,0.945855615,34.4322653,53.1944354,10000,3,24,"y"
1061,969.8887842,653.1149859,123.541,0.830790194,0.244131331,0.956717764,36.38357567,37.51881322,10000,3,25,"n"
1569,1018.478649,1141.101976,168.292,0.67087399,0.831514045,0.895037079,33.98877797,61.18550819,10000,3,26,"y"
1203,1028.970906,916.6242727,129.181,0.863390942,0.411719017,0.963942308,37.53430218,41.1871564,10000,3,27,"n"
1322,1051.763994,204.887292,154.861,0.665446113,0.768946161,0.911095796,33.27033605,52.04071867,10000,3,28,"y"
1141,1263.176161,707.4864154,134.069,0.761588238,0.355345243,0.950041632,37.04276776,39.62915983,10000,3,29,"n"
1043,1341.506232,345.1505273,122.797,0.826373726,0.222065479,0.960405157,36.13904913,37.06448426,10000,3,30,"n"
1522,1370.984231,109.0913272,168.739,0.647397222,0.840525359,0.910287081,32.94320803,60.8063829,10000,3,31,"y"
1799,1383.285714,604.4941634,216.499,0.468614598,0.924640321,0.825987144,31.74213532,83.3473565,10000,3,32,"y"
1095,1628.338813,191.4246575,126.328,0.82089653,0.346696812,0.957167832,36.29266898,38.6924832,10000,3,33,"n"
1062,1686.851224,287.9312618,122.854,0.840666368,0.35534655,0.968978102,35.6893104,38.18122197,10000,3,34,"n"
2058,1847.775024,263.9494655,218.517,0.526363894,0.843270249,0.801714063,39.15995378,72.85711023,10000,3,35,"y"
1054,126.8254269,835.7941176,135.658,0.687502199,0.415242236,0.946140036,35.04188863,38.5198082,10000,3,1,"n"
1044,684.0804598,471.2375479,123.723,0.81513493,0.30218758,0.947368421,35.72249876,37.474488,10000,3,2,"n"
1288,731.5659938,1081.760093,161.163,0.599551261,0.825293496,0.888275862,31.03141785,54.95164899,10000,3,3,"y"
1751,923.575671,824.240434,213.349,0.469480925,0.893703341,0.847941889,33.04350012,73.64957817,10000,3,4,"y"
1717,973.2434479,1182.910309,193.343,0.558885906,0.878908796,0.886880165,33.22642766,69.65856167,10000,3,5,"y"
1716,1002.168415,1131.285548,202.655,0.509155908,0.900387972,0.866229177,32.01712122,73.58770409,10000,3,6,"y"
1278,1095.785603,1075.007042,147.442,0.708248085,0.724336113,0.928104575,33.92904396,49.21196685,10000,3,7,"y"
1602,1385.574282,840.2234707,181.599,0.589858322,0.805480185,0.907648725,35.2423294,59.46840889,10000,3,8,"y"
1538,1415.238622,987.1404421,169.797,0.646222922,0.843205684,0.900468384,32.97884437,61.34559395,10000,3,9,"y"
1075,1665.054884,1063.306047,133.094,0.727842075,0.362121062,0.942156004,35.86902515,38.48066672,10000,3,10,"n"
1002,1675.897206,989.0728543,127.908,0.733172615,0.455364186,0.939962477,33.84823406,38.01868364,10000,3,11,"n"
1055,1731.55545,1163.946919,131.423,0.732151104,0.39573628,0.945340502,35.27880777,38.41483359,10000,3,12,"n"
1698,1804.922261,1182.546525,178.249,0.648512021,0.838563029,0.865443425,35.99812504,66.07529625,10000,3,13,"y"
1500,1824.100667,851.9613333,190.539,0.502491723,0.886405089,0.834260289,31.78487053,68.66311923,10000,3,14,"y"
2083,1887.014402,1138.513682,248.373,0.41378311,0.864980704,0.798390188,37.96333901,75.65355012,10000,3,15,"y"
1050,28.61809524,1097.824762,121.589,0.848111967,0.313085981,0.954545455,35.89584563,37.79605015,10000,6,1,"n"
1055,66.2,1038.909005,123.103,0.831834164,0.362349126,0.955615942,35.58419737,38.17873073,10000,6,2,"n"
2138,98.9373246,971.2591207,219.848,0.540316682,0.897697328,0.854516387,36.35670545,82.5139846,10000,6,3,"y"
1147,92.15257193,609.1909329,121.638,0.925733873,0.273701389,0.969568893,37.73291316,39.23095842,10000,6,4,"n"
1724,108.0168213,359.3718097,161.278,0.80138275,0.62061157,0.949862259,42.23555122,53.86375895,10000,6,5,"y"
1042,110.8560461,1194.928983,125.824,0.787281174,0.371174477,0.951598174,35.33350426,38.05180573,10000,6,6,"n"
1131,153.4376658,840.821397,136.071,0.733356973,0.222721827,0.92704918,37.74934631,38.72196311,10000,6,7,"n"
1708,184.7055035,584.3296253,162.991,0.777656927,0.758899428,0.941046832,37.85345302,58.12806656,10000,6,8,"y"
1359,222.3539367,855.8300221,157.963,0.65798119,0.748789451,0.915151515,34.13127926,51.49497689,10000,6,9,"y"
1105,279.1004525,1058.666063,127.288,0.816243745,0.603076105,0.962543554,33.57000594,42.08435986,10000,6,10,"n"
1075,376.1237209,863.1116279,125.154,0.820719692,0.315770949,0.957257346,36.2064776,38.15885848,10000,6,11,"n"
1141,396.2751972,501.595092,131.159,0.794949701,0.284339867,0.954811715,37.51676834,39.13199841,10000,6,12,"n"
1072,508.2322761,863.4748134,117.255,0.929343482,0.315645389,0.96925859,36.09755009,38.04238223,10000,6,13,"n"
1045,609.8258373,932.0105263,117.545,0.901587958,0.302323391,0.966697502,35.75749616,37.5128965,10000,6,14,"n"
1006,651.5805169,1137.331014,125.56,0.763202883,0.246041885,0.949056604,35.45494842,36.57942946,10000,6,15,"n"
1116,756.968638,1079.28853,132.664,0.760394117,0.359909425,0.95221843,36.62754571,39.25835618,10000,6,16,"n"
1035,1168.241546,1140.389372,124.708,0.795703955,0.289060466,0.949541284,35.70728147,37.29956868,10000,6,17,"n"
1551,36.97421019,681.3694391,170.46,0.646716962,0.733705266,0.94,36.88086086,54.27903608,10000,3,1,"y"
2327,64.42544048,398.8388483,348.063,0.237075063,0.832997091,0.639110135,46.38860198,83.84330284,10000,3,2,"y"
1007,54.72989076,535.7060576,121.78,0.810894416,0.324875792,0.946428571,34.91147354,36.91380019,10000,3,3,"n"
1329,91.80060196,1120.361926,150.073,0.711433945,0.28895337,0.945234708,40.45279284,42.25526854,10000,3,4,"n"
1052,113.8602662,719.9619772,129.389,0.752650447,0.569016614,0.941808415,33.29313971,40.48654508,10000,3,5,"n"
1355,212.5712177,435.3911439,153.918,0.69027195,0.667935114,0.9287183,36.15053796,48.57510093,10000,3,6,"n"
1158,209.4620035,990.791019,136.22,0.749259437,0.420169459,0.936893204,36.65941056,40.39846371,10000,3,7,"n"
1974,237.1327254,283.6808511,198.338,0.611075517,0.852709512,0.906752412,36.88845113,70.61539681,10000,3,8,"y"
1147,273.7750654,853.353095,133.127,0.776214481,0.229349172,0.946369637,37.80988432,38.84533735,10000,3,9,"n"
1023,296.8064516,142.6148583,132.507,0.698642358,0.282500717,0.935956084,35.49130559,36.9983564,10000,3,10,"n"
1067,315.1490159,912.4929709,128.462,0.774174376,0.267184836,0.942579505,36.32083876,37.69108693,10000,3,11,"n"
1194,342.8350084,984.019263,139.123,0.741345305,0.26711813,0.946867565,38.3863193,39.83372584,10000,3,12,"n"
1056,357.2045455,140.9393939,126.833,0.785519286,0.426862653,0.96,34.9436435,38.64094563,10000,3,13,"n"
1045,374.0736842,733.3550239,132.598,0.712710359,0.27225849,0.937219731,35.93801141,37.34889777,10000,3,14,"n"
1359,416.3730684,797.3635026,143.969,0.789117056,0.242009849,0.953684211,41.14388234,42.40440446,10000,3,15,"n"
1273,530.6944226,298.572663,144.763,0.731265271,0.69801904,0.920462762,34.32882917,47.93998929,10000,3,16,"n"
1251,599.6211031,361.5315747,135.641,0.81620111,0.312714173,0.960092095,39.037778,41.0990051,10000,3,17,"n"
1136,754.0255282,108.1294014,125.592,0.861399105,0.197694439,0.961896698,37.75762829,38.51782795,10000,3,18,"n"
1821,814.2262493,457.4398682,179.018,0.689629319,0.800920852,0.911411411,37.9991454,63.46198162,10000,3,19,"n"
1509,853.3154407,1029.730285,159.054,0.720810337,0.693226075,0.934365325,37.58649123,52.15129413,10000,3,20,"n"
1555,1059.567203,66.30803859,156.398,0.767720787,0.746821752,0.939577039,36.59832366,55.0330652,10000,3,21,"n"
